avg_study_score,school_count,total_schools,suburb,SA2_NAME16
,0,0,ABBEYARD,ABBEYARD
,0,0,ABBOTSFORD,ABBOTSFORD
31.0,1,1,ABERFELDIE,ABERFELDIE
,0,0,ABERFELDY,ABERFELDY
,0,0,ACHERON,ACHERON
,0,0,ADA,ADA
,0,0,ADAMS ESTATE,ADAMS ESTATE
,0,0,ADDINGTON,ADDINGTON
,0,0,ADELAIDE LEAD,ADELAIDE LEAD
,0,0,AGNES,AGNES
,0,0,AINTREE,AINTREE
,0,0,AIRE VALLEY,AIRE VALLEY
,0,0,AIREYS INLET,AIREYS INLET
,0,0,AIRLY,AIRLY
,0,0,AIRPORT WEST,AIRPORT WEST
,0,0,ALBACUTYA,ALBACUTYA
,0,0,ALBANVALE,ALBANVALE
31.0,1,1,ALBERT PARK,ALBERT PARK
,0,0,ALBERTON,ALBERTON
,0,0,ALBERTON WEST,ALBERTON WEST
,0,0,ALBION,ALBION
24.0,1,1,ALEXANDRA,ALEXANDRA
,0,0,ALFREDTON,ALFREDTON
,0,0,ALLAMBEE,ALLAMBEE
,0,0,ALLAMBEE RESERVE,ALLAMBEE RESERVE
,0,0,ALLAMBEE SOUTH,ALLAMBEE SOUTH
,0,0,ALLANS FLAT,ALLANS FLAT
,0,0,ALLANSFORD,ALLANSFORD
,0,0,ALLENDALE,ALLENDALE
,0,0,ALLESTREE,ALLESTREE
,0,0,ALMA,ALMA
,0,0,ALMONDS,ALMONDS
,0,0,ALMURTA,ALMURTA
30.0,1,1,ALPHINGTON,ALPHINGTON
31.0,1,1,ALTONA,ALTONA
,0,0,ALTONA MEADOWS,ALTONA MEADOWS
29.0,2,2,ALTONA NORTH,ALTONA NORTH
,0,0,ALVIE,ALVIE
,0,0,AMHERST,AMHERST
,0,0,AMOR,AMOR
,0,0,AMPHITHEATRE,AMPHITHEATRE
,0,0,ANAKIE,ANAKIE
,0,0,ANCONA,ANCONA
,0,0,ANDERSON,ANDERSON
,0,0,ANGLERS REST,ANGLERS REST
,0,0,ANGLESEA,ANGLESEA
,0,0,ANNUELLO,ANNUELLO
,0,0,ANTWERP,ANTWERP
30.0,1,1,APOLLO BAY,APOLLO BAY
,0,0,APPIN,APPIN
,0,0,APPIN SOUTH,APPIN SOUTH
,0,0,APSLEY,APSLEY
,0,0,ARAPILES,ARAPILES
26.0,1,1,ARARAT,ARARAT
,0,0,ARAWATA,ARAWATA
,0,0,ARBUCKLE,ARBUCKLE
,0,0,ARCADIA,ARCADIA
,0,0,ARCADIA SOUTH,ARCADIA SOUTH
,0,0,ARCHDALE,ARCHDALE
,0,0,ARCHDALE JUNCTION,ARCHDALE JUNCTION
,0,0,ARCHERTON,ARCHERTON
,0,0,ARCHIES CREEK,ARCHIES CREEK
,0,0,ARDEER,ARDEER
,0,0,ARDMONA,ARDMONA
,0,0,AREEGRA,AREEGRA
,0,0,ARGYLE,ARGYLE
34.0,1,1,ARMADALE,ARMADALE
,0,0,ARMSTRONG,ARMSTRONG
30.0,1,1,ARMSTRONG CREEK,ARMSTRONG CREEK
,0,0,ARNOLD,ARNOLD
,0,0,ARNOLD WEST,ARNOLD WEST
,0,0,ARTHURS CREEK,ARTHURS CREEK
,0,0,ARTHURS SEAT,ARTHURS SEAT
,0,0,ASCOT,ASCOT
,0,0,ASCOT,ASCOT
,0,0,ASCOT VALE,ASCOT VALE
,0,0,ASHBOURNE,ASHBOURNE
,0,0,ASHBURTON,ASHBURTON
31.0,1,1,ASHWOOD,ASHWOOD
,0,0,ASPENDALE,ASPENDALE
,0,0,ASPENDALE GARDENS,ASPENDALE GARDENS
,0,0,ATHLONE,ATHLONE
,0,0,ATTWOOD,ATTWOOD
,0,0,AUBREY,AUBREY
,0,0,AUCHMORE,AUCHMORE
,0,0,AVALON,AVALON
,0,0,AVENEL,AVENEL
,0,0,AVOCA,AVOCA
,0,0,AVON PLAINS,AVON PLAINS
,0,0,AVONDALE HEIGHTS,AVONDALE HEIGHTS
,0,0,AVONMORE,AVONMORE
,0,0,AVONSLEIGH,AVONSLEIGH
,0,0,AXE CREEK,AXE CREEK
,0,0,AXEDALE,AXEDALE
,0,0,AYRFORD,AYRFORD
32.0,1,1,BACCHUS MARSH,BACCHUS MARSH
,0,0,BADDAGINNIE,BADDAGINNIE
,0,0,BADGER CREEK,BADGER CREEK
,0,0,BAEL BAEL,BAEL BAEL
,0,0,BAGSHOT,BAGSHOT
,0,0,BAGSHOT NORTH,BAGSHOT NORTH
,0,0,BAHGALLAH,BAHGALLAH
,0,0,BAILIESTON,BAILIESTON
28.0,1,1,BAIRNSDALE,BAIRNSDALE
,0,0,BAKERY HILL,BAKERY HILL
,0,0,BALACLAVA,BALACLAVA
,0,0,BALD HILLS,BALD HILLS
,0,0,BALINTORE,BALINTORE
,0,0,BALLAN,BALLAN
,0,0,BALLANGEICH,BALLANGEICH
,0,0,BALLAPUR,BALLAPUR
,0,0,BALLARAT CENTRAL,BALLARAT CENTRAL
27.0,1,1,BALLARAT EAST,BALLARAT EAST
,0,0,BALLARAT NORTH,BALLARAT NORTH
,0,0,BALLENDELLA,BALLENDELLA
,0,0,BALLIANG,BALLIANG
,0,0,BALLIANG EAST,BALLIANG EAST
,0,0,BALLYROGAN,BALLYROGAN
,0,0,BALMATTUM,BALMATTUM
,0,0,BALMORAL,BALMORAL
,0,0,BALNARRING,BALNARRING
,0,0,BALNARRING BEACH,BALNARRING BEACH
,0,0,BALOOK,BALOOK
,0,0,BALWYN,BALWYN
32.0,1,1,BALWYN NORTH,BALWYN NORTH
,0,0,BAMAWM,BAMAWM
,0,0,BAMAWM EXTENSION,BAMAWM EXTENSION
,0,0,BAMBRA,BAMBRA
,0,0,BAMGANIE,BAMGANIE
,0,0,BANDIANA,BANDIANA
,0,0,BANGERANG,BANGERANG
30.0,1,1,BANGHOLME,BANGHOLME
,0,0,BANKSIA PENINSULA,BANKSIA PENINSULA
,0,0,BANNERTON,BANNERTON
23.0,1,1,BANNOCKBURN,BANNOCKBURN
,0,0,BANYAN,BANYAN
,0,0,BANYENA,BANYENA
,0,0,BARANDUDA,BARANDUDA
,0,0,BARFOLD,BARFOLD
,0,0,BARINGHUP,BARINGHUP
,0,0,BARINGHUP WEST,BARINGHUP WEST
,0,0,BARJARG,BARJARG
,0,0,BARKERS CREEK,BARKERS CREEK
,0,0,BARKLY,BARKLY
,0,0,BARKSTEAD,BARKSTEAD
,0,0,BARMAH,BARMAH
,0,0,BARNADOWN,BARNADOWN
,0,0,BARNAWARTHA,BARNAWARTHA
,0,0,BARNAWARTHA NORTH,BARNAWARTHA NORTH
,0,0,BAROMI,BAROMI
,0,0,BARONGAROOK,BARONGAROOK
,0,0,BARONGAROOK WEST,BARONGAROOK WEST
,0,0,BARRABOOL,BARRABOOL
,0,0,BARRAKEE,BARRAKEE
,0,0,BARRAMUNGA,BARRAMUNGA
,0,0,BARRAPORT,BARRAPORT
,0,0,BARRAPORT WEST,BARRAPORT WEST
,0,0,BARRYS REEF,BARRYS REEF
,0,0,BARUNAH PARK,BARUNAH PARK
,0,0,BARUNAH PLAINS,BARUNAH PLAINS
,0,0,BARWIDGEE,BARWIDGEE
,0,0,BARWITE,BARWITE
,0,0,BARWON DOWNS,BARWON DOWNS
,0,0,BARWON HEADS,BARWON HEADS
,0,0,BASALT,BASALT
,0,0,BASS,BASS
,0,0,BATESFORD,BATESFORD
,0,0,BATHUMI,BATHUMI
,0,0,BAW BAW,BAW BAW
,0,0,BAW BAW VILLAGE,BAW BAW VILLAGE
,0,0,BAXTER,BAXTER
,0,0,BAYINDEEN,BAYINDEEN
,0,0,BAYLES,BAYLES
,0,0,BAYNTON,BAYNTON
,0,0,BAYNTON EAST,BAYNTON EAST
26.0,1,1,BAYSWATER,BAYSWATER
,0,0,BAYSWATER NORTH,BAYSWATER NORTH
27.0,1,1,BEACONSFIELD,BEACONSFIELD
,0,0,BEACONSFIELD UPPER,BEACONSFIELD UPPER
,0,0,BEALIBA,BEALIBA
,0,0,BEARII,BEARII
,0,0,BEARS LAGOON,BEARS LAGOON
,0,0,BEAUCHAMP,BEAUCHAMP
27.0,1,1,BEAUFORT,BEAUFORT
30.0,1,1,BEAUMARIS,BEAUMARIS
,0,0,BEAZLEYS BRIDGE,BEAZLEYS BRIDGE
,0,0,BEEAC,BEEAC
,0,0,BEECH FOREST,BEECH FOREST
28.0,1,1,BEECHWORTH,BEECHWORTH
,0,0,BEENAK,BEENAK
31.0,1,1,BELGRAVE,BELGRAVE
,0,0,BELGRAVE HEIGHTS,BELGRAVE HEIGHTS
,0,0,BELGRAVE SOUTH,BELGRAVE SOUTH
,0,0,BELL PARK,BELL PARK
29.0,1,1,BELL POST HILL,BELL POST HILL
,0,0,BELLARINE,BELLARINE
,0,0,BELLBIRD CREEK,BELLBIRD CREEK
,0,0,BELLBRAE,BELLBRAE
,0,0,BELLBRIDGE,BELLBRIDGE
,0,0,BELLELLEN,BELLELLEN
,0,0,BELLFIELD,BELLFIELD
,0,0,BELLFIELD,BELLFIELD
,0,0,BELLS BEACH,BELLS BEACH
29.0,1,1,BELMONT,BELMONT
,0,0,BEMM RIVER,BEMM RIVER
,0,0,BENA,BENA
24.0,1,1,BENALLA,BENALLA
,0,0,BENAMBRA,BENAMBRA
,0,0,BENAYEO,BENAYEO
,0,0,BEND OF ISLANDS,BEND OF ISLANDS
29.5,2,2,BENDIGO,BENDIGO
,0,0,BENDOC,BENDOC
,0,0,BENGWORDEN,BENGWORDEN
,0,0,BENJEROOP,BENJEROOP
,0,0,BENLOCH,BENLOCH
,0,0,BENNISON,BENNISON
,0,0,BENTLEIGH,BENTLEIGH
30.0,1,1,BENTLEIGH EAST,BENTLEIGH EAST
,0,0,BENWERRIN,BENWERRIN
,0,0,BEREMBOKE,BEREMBOKE
,0,0,BERRIMAL,BERRIMAL
,0,0,BERRINGA,BERRINGA
,0,0,BERRINGAMA,BERRINGAMA
,0,0,BERRIWILLOCK,BERRIWILLOCK
,0,0,BERRYBANK,BERRYBANK
,0,0,BERRYS CREEK,BERRYS CREEK
32.0,3,3,BERWICK,BERWICK
,0,0,BESSIEBELLE,BESSIEBELLE
,0,0,BET BET,BET BET
,0,0,BETE BOLONG,BETE BOLONG
,0,0,BETE BOLONG NORTH,BETE BOLONG NORTH
,0,0,BETHANGA,BETHANGA
,0,0,BETLEY,BETLEY
,0,0,BEULAH,BEULAH
,0,0,BEVERFORD,BEVERFORD
,0,0,BEVERIDGE,BEVERIDGE
,0,0,BIG DESERT,BIG DESERT
,0,0,BIG HILL,BIG HILL
,0,0,BIG HILL,BIG HILL
,0,0,BIG PATS CREEK,BIG PATS CREEK
,0,0,BIGGARA,BIGGARA
,0,0,BILLABONG,BILLABONG
,0,0,BIMBOURIE,BIMBOURIE
,0,0,BINDI,BINDI
,0,0,BINGINWARRI,BINGINWARRI
,0,0,BINGO MUNJIE,BINGO MUNJIE
31.0,1,1,BIRCHIP,BIRCHIP
,0,0,BIRCHIP WEST,BIRCHIP WEST
,0,0,BIRDWOODTON,BIRDWOODTON
,0,0,BIRREGURRA,BIRREGURRA
,0,0,BITTERN,BITTERN
,0,0,BLACK HILL,BLACK HILL
,0,0,BLACK RANGE,BLACK RANGE
,0,0,BLACK ROCK,BLACK ROCK
31.0,1,1,BLACKBURN,BLACKBURN
,0,0,BLACKBURN NORTH,BLACKBURN NORTH
,0,0,BLACKBURN SOUTH,BLACKBURN SOUTH
,0,0,BLACKHEATH,BLACKHEATH
,0,0,BLACKWARRY,BLACKWARRY
,0,0,BLACKWOOD,BLACKWOOD
,0,0,BLAIRGOWRIE,BLAIRGOWRIE
,0,0,BLAKEVILLE,BLAKEVILLE
,0,0,BLAMPIED,BLAMPIED
,0,0,BLIND BIGHT,BLIND BIGHT
,0,0,BLOWHARD,BLOWHARD
,0,0,BO PEEP,BO PEEP
,0,0,BOBINAWARRAH,BOBINAWARRAH
,0,0,BOCHARA,BOCHARA
,0,0,BOGONG,BOGONG
,0,0,BOHO,BOHO
,0,0,BOHO SOUTH,BOHO SOUTH
,0,0,BOIGBEAT,BOIGBEAT
,0,0,BOINKA,BOINKA
,0,0,BOISDALE,BOISDALE
,0,0,BOLANGUM,BOLANGUM
,0,0,BOLINDA,BOLINDA
,0,0,BOLTON,BOLTON
,0,0,BOLWARRA,BOLWARRA
,0,0,BOLWARRAH,BOLWARRAH
,0,0,BONA VISTA,BONA VISTA
,0,0,BONANG,BONANG
,0,0,BONBEACH,BONBEACH
,0,0,BONEGILLA,BONEGILLA
,0,0,BONEO,BONEO
,0,0,BONN,BONN
,0,0,BONNIE BROOK,BONNIE BROOK
,0,0,BONNIE DOON,BONNIE DOON
,0,0,BONSHAW,BONSHAW
,0,0,BOOKAAR,BOOKAAR
,0,0,BOOLA,BOOLA
,0,0,BOOLARONG,BOOLARONG
,0,0,BOOLARRA,BOOLARRA
,0,0,BOOLARRA SOUTH,BOOLARRA SOUTH
,0,0,BOOLE POOLE,BOOLE POOLE
,0,0,BOOLITE,BOOLITE
,0,0,BOOMAHNOOMOONAH,BOOMAHNOOMOONAH
,0,0,BOONAH,BOONAH
,0,0,BOORCAN,BOORCAN
,0,0,BOORHAMAN,BOORHAMAN
,0,0,BOORHAMAN EAST,BOORHAMAN EAST
,0,0,BOORHAMAN NORTH,BOORHAMAN NORTH
,0,0,BOOROLITE,BOOROLITE
,0,0,BOOROOL,BOOROOL
30.0,1,1,BOORT,BOORT
,0,0,BOOSEY,BOOSEY
,0,0,BORALMA,BORALMA
,0,0,BORNES HILL,BORNES HILL
27.0,1,1,BORONIA,BORONIA
,0,0,BORUNG,BORUNG
,0,0,BOSTOCKS CREEK,BOSTOCKS CREEK
,0,0,BOTANIC RIDGE,BOTANIC RIDGE
,0,0,BOUNDARY BEND,BOUNDARY BEND
,0,0,BOWENVALE,BOWENVALE
,0,0,BOWEYA,BOWEYA
,0,0,BOWEYA NORTH,BOWEYA NORTH
,0,0,BOWMANS FOREST,BOWMANS FOREST
,0,0,BOWSER,BOWSER
32.0,2,2,BOX HILL,BOX HILL
,0,0,BOX HILL NORTH,BOX HILL NORTH
,0,0,BOX HILL SOUTH,BOX HILL SOUTH
,0,0,BOXWOOD,BOXWOOD
,0,0,BRADFORD,BRADFORD
,0,0,BRADVALE,BRADVALE
,0,0,BRAESIDE,BRAESIDE
,0,0,BRANDY CREEK,BRANDY CREEK
,0,0,BRANXHOLME,BRANXHOLME
,0,0,BRAVINGTON,BRAVINGTON
31.0,1,1,BRAYBROOK,BRAYBROOK
,0,0,BREAKAWAY CREEK,BREAKAWAY CREEK
,0,0,BREAKWATER,BREAKWATER
,0,0,BREAMLEA,BREAMLEA
,0,0,BRENANAH,BRENANAH
,0,0,BREWSTER,BREWSTER
,0,0,BRIAGOLONG,BRIAGOLONG
,0,0,BRIAR HILL,BRIAR HILL
,0,0,BRIDGE CREEK,BRIDGE CREEK
,0,0,BRIDGEWATER,BRIDGEWATER
,0,0,BRIDGEWATER NORTH,BRIDGEWATER NORTH
,0,0,BRIDGEWATER ON LODDON,BRIDGEWATER ON LODDON
29.0,1,1,BRIGHT,BRIGHT
34.3,3,3,BRIGHTON,BRIGHTON
34.0,1,1,BRIGHTON EAST,BRIGHTON EAST
,0,0,BRIM,BRIM
,0,0,BRIMBOAL,BRIMBOAL
,0,0,BRIMIN,BRIMIN
,0,0,BRIMPAEN,BRIMPAEN
,0,0,BRINGALBERT,BRINGALBERT
,0,0,BRIT BRIT,BRIT BRIT
22.0,1,1,BROADFORD,BROADFORD
,0,0,BROADLANDS,BROADLANDS
29.0,3,3,BROADMEADOWS,BROADMEADOWS
,0,0,BROADWATER,BROADWATER
,0,0,BRODRIBB RIVER,BRODRIBB RIVER
,0,0,BROKEN CREEK,BROKEN CREEK
,0,0,BROMLEY,BROMLEY
26.0,1,1,BROOKFIELD,BROOKFIELD
,0,0,BROOKLYN,BROOKLYN
,0,0,BROOKVILLE,BROOKVILLE
,0,0,BROOMFIELD,BROOMFIELD
,0,0,BROUGHTON,BROUGHTON
,0,0,BROWN HILL,BROWN HILL
,0,0,BROWNS PLAINS,BROWNS PLAINS
,0,0,BRUARONG,BRUARONG
,0,0,BRUCKNELL,BRUCKNELL
,0,0,BRUMBY,BRUMBY
26.0,2,2,BRUNSWICK,BRUNSWICK
,0,0,BRUNSWICK EAST,BRUNSWICK EAST
,0,0,BRUNSWICK WEST,BRUNSWICK WEST
,0,0,BRUTHEN,BRUTHEN
,0,0,BUANGOR,BUANGOR
,0,0,BUCHAN,BUCHAN
,0,0,BUCHAN SOUTH,BUCHAN SOUTH
,0,0,BUCKLAND,BUCKLAND
,0,0,BUCKLEY,BUCKLEY
,0,0,BUCKLEY SWAMP,BUCKLEY SWAMP
,0,0,BUCKRABANYULE,BUCKRABANYULE
,0,0,BUDGEE BUDGEE,BUDGEE BUDGEE
,0,0,BUDGEREE,BUDGEREE
,0,0,BUDGERUM EAST,BUDGERUM EAST
,0,0,BUFFALO,BUFFALO
,0,0,BUFFALO RIVER,BUFFALO RIVER
,0,0,BULART,BULART
,0,0,BULDAH,BULDAH
,0,0,BULGA,BULGA
,0,0,BULGANA,BULGANA
,0,0,BULLA,BULLA
,0,0,BULLAHARRE,BULLAHARRE
,0,0,BULLAROOK,BULLAROOK
,0,0,BULLARTO,BULLARTO
,0,0,BULLARTO SOUTH,BULLARTO SOUTH
31.0,1,1,BULLEEN,BULLEEN
,0,0,BULLENGAROOK,BULLENGAROOK
,0,0,BULLIOH,BULLIOH
,0,0,BULLUMWAAL,BULLUMWAAL
,0,0,BULN BULN,BULN BULN
,0,0,BULN BULN EAST,BULN BULN EAST
,0,0,BUMBERRAH,BUMBERRAH
,0,0,BUNBARTHA,BUNBARTHA
,0,0,BUNDALAGUAH,BUNDALAGUAH
,0,0,BUNDALONG,BUNDALONG
,0,0,BUNDALONG SOUTH,BUNDALONG SOUTH
,0,0,BUNDARA,BUNDARA
,0,0,BUNDING,BUNDING
30.0,2,2,BUNDOORA,BUNDOORA
,0,0,BUNG BONG,BUNG BONG
,0,0,BUNGADOR,BUNGADOR
,0,0,BUNGAL,BUNGAL
,0,0,BUNGALALLY,BUNGALALLY
,0,0,BUNGAREE,BUNGAREE
,0,0,BUNGEET,BUNGEET
,0,0,BUNGEET WEST,BUNGEET WEST
,0,0,BUNGIL,BUNGIL
,0,0,BUNGULUKE,BUNGULUKE
,0,0,BUNINYONG,BUNINYONG
,0,0,BUNKERS HILL,BUNKERS HILL
,0,0,BUNYIP,BUNYIP
,0,0,BUNYIP NORTH,BUNYIP NORTH
,0,0,BURAGWONDUC,BURAGWONDUC
,0,0,BURKES BRIDGE,BURKES BRIDGE
,0,0,BURKES FLAT,BURKES FLAT
,0,0,BURNBANK,BURNBANK
,0,0,BURNEWANG,BURNEWANG
,0,0,BURNLEY,BURNLEY
,0,0,BURNSIDE,BURNSIDE
,0,0,BURNSIDE HEIGHTS,BURNSIDE HEIGHTS
,0,0,BURRAMBOOT,BURRAMBOOT
,0,0,BURRAMINE,BURRAMINE
,0,0,BURRAMINE SOUTH,BURRAMINE SOUTH
,0,0,BURROWYE,BURROWYE
,0,0,BURRUMBEET,BURRUMBEET
36.5,2,2,BURWOOD,BURWOOD
29.0,1,1,BURWOOD EAST,BURWOOD EAST
,0,0,BUSHFIELD,BUSHFIELD
,0,0,BUSHY PARK,BUSHY PARK
,0,0,BUTCHERS RIDGE,BUTCHERS RIDGE
,0,0,BUXTON,BUXTON
,0,0,BYADUK,BYADUK
,0,0,BYADUK NORTH,BYADUK NORTH
,0,0,BYAWATHA,BYAWATHA
,0,0,BYLANDS,BYLANDS
,0,0,BYRNESIDE,BYRNESIDE
,0,0,CABARITA,CABARITA
,0,0,CABBAGE TREE,CABBAGE TREE
,0,0,CABBAGE TREE CREEK,CABBAGE TREE CREEK
,0,0,CADELLO,CADELLO
,0,0,CAIRNLEA,CAIRNLEA
,0,0,CALDER PARK,CALDER PARK
,0,0,CALDERMEADE,CALDERMEADE
,0,0,CALIFORNIA GULLY,CALIFORNIA GULLY
,0,0,CALIVIL,CALIVIL
,0,0,CALLAWADDA,CALLAWADDA
,0,0,CALLIGNEE,CALLIGNEE
,0,0,CALLIGNEE NORTH,CALLIGNEE NORTH
,0,0,CALLIGNEE SOUTH,CALLIGNEE SOUTH
,0,0,CALROSSIE,CALROSSIE
,0,0,CALULU,CALULU
,0,0,CAMBARVILLE,CAMBARVILLE
,0,0,CAMBERWELL,CAMBERWELL
,0,0,CAMBRIAN HILL,CAMBRIAN HILL
,0,0,CAMPBELLFIELD,CAMPBELLFIELD
,0,0,CAMPBELLS BRIDGE,CAMPBELLS BRIDGE
,0,0,CAMPBELLS CREEK,CAMPBELLS CREEK
,0,0,CAMPBELLS FOREST,CAMPBELLS FOREST
,0,0,CAMPBELLTOWN,CAMPBELLTOWN
28.0,1,1,CAMPERDOWN,CAMPERDOWN
,0,0,CANADIAN,CANADIAN
,0,0,CANARY ISLAND,CANARY ISLAND
,0,0,CANIAMBO,CANIAMBO
24.0,1,1,CANN RIVER,CANN RIVER
,0,0,CANNIE,CANNIE
,0,0,CANNONS CREEK,CANNONS CREEK
,0,0,CANNUM,CANNUM
34.0,1,1,CANTERBURY,CANTERBURY
,0,0,CAPE BRIDGEWATER,CAPE BRIDGEWATER
,0,0,CAPE CLEAR,CAPE CLEAR
,0,0,CAPE CONRAN,CAPE CONRAN
,0,0,CAPE OTWAY,CAPE OTWAY
,0,0,CAPE PATERSON,CAPE PATERSON
,0,0,CAPE SCHANCK,CAPE SCHANCK
,0,0,CAPE WOOLAMAI,CAPE WOOLAMAI
,0,0,CAPEL SOUND,CAPEL SOUND
,0,0,CAPELS CROSSING,CAPELS CROSSING
,0,0,CARAG CARAG,CARAG CARAG
,0,0,CARALULUP,CARALULUP
,0,0,CARAMUT,CARAMUT
,0,0,CARAPOOEE,CARAPOOEE
,0,0,CARAPOOEE WEST,CARAPOOEE WEST
,0,0,CARAPOOK,CARAPOOK
,0,0,CARBOOR,CARBOOR
,0,0,CARDIGAN,CARDIGAN
,0,0,CARDIGAN VILLAGE,CARDIGAN VILLAGE
,0,0,CARDINIA,CARDINIA
,0,0,CARDROSS,CARDROSS
,0,0,CARGERIE,CARGERIE
,0,0,CARINA,CARINA
,0,0,CARINGAL,CARINGAL
,0,0,CARISBROOK,CARISBROOK
,0,0,CARLISLE RIVER,CARLISLE RIVER
,0,0,CARLSRUHE,CARLSRUHE
,0,0,CARLTON,CARLTON
,0,0,CARLTON NORTH,CARLTON NORTH
,0,0,CARLYLE,CARLYLE
,0,0,CARNEGIE,CARNEGIE
,0,0,CARNGHAM,CARNGHAM
29.0,1,1,CAROLINE SPRINGS,CAROLINE SPRINGS
,0,0,CARPENDEIT,CARPENDEIT
,0,0,CARRAJUNG,CARRAJUNG
,0,0,CARRAJUNG LOWER,CARRAJUNG LOWER
,0,0,CARRAJUNG SOUTH,CARRAJUNG SOUTH
,0,0,CARRANBALLAC,CARRANBALLAC
,0,0,CARRON,CARRON
,0,0,CARRUM,CARRUM
,0,0,CARRUM DOWNS,CARRUM DOWNS
,0,0,CARWARP,CARWARP
,0,0,CASHMORE,CASHMORE
,0,0,CASSILIS,CASSILIS
,0,0,CASTELLA,CASTELLA
28.0,1,1,CASTERTON,CASTERTON
,0,0,CASTLE CREEK,CASTLE CREEK
,0,0,CASTLE DONNINGTON,CASTLE DONNINGTON
26.0,1,1,CASTLEMAINE,CASTLEMAINE
,0,0,CATANI,CATANI
,0,0,CATHCART,CATHCART
,0,0,CATHKIN,CATHKIN
,0,0,CATUMNAL,CATUMNAL
,0,0,CAULFIELD,CAULFIELD
31.0,1,1,CAULFIELD EAST,CAULFIELD EAST
,0,0,CAULFIELD NORTH,CAULFIELD NORTH
,0,0,CAULFIELD SOUTH,CAULFIELD SOUTH
,0,0,CAVEAT,CAVEAT
,0,0,CAVENDISH,CAVENDISH
,0,0,CERES,CERES
,0,0,CHADSTONE,CHADSTONE
,0,0,CHANDLERS CREEK,CHANDLERS CREEK
,0,0,CHAPEL FLAT,CHAPEL FLAT
,0,0,CHAPPLE VALE,CHAPPLE VALE
,0,0,CHARAM,CHARAM
33.0,1,1,CHARLEMONT,CHARLEMONT
,0,0,CHARLEROI,CHARLEROI
30.0,1,1,CHARLTON,CHARLTON
,0,0,CHATSWORTH,CHATSWORTH
,0,0,CHELSEA,CHELSEA
,0,0,CHELSEA HEIGHTS,CHELSEA HEIGHTS
28.0,1,1,CHELTENHAM,CHELTENHAM
,0,0,CHEPSTOWE,CHEPSTOWE
,0,0,CHEROKEE,CHEROKEE
,0,0,CHERRYPOOL,CHERRYPOOL
,0,0,CHESHUNT,CHESHUNT
,0,0,CHESHUNT SOUTH,CHESHUNT SOUTH
,0,0,CHESNEY VALE,CHESNEY VALE
,0,0,CHETWYND,CHETWYND
,0,0,CHEWTON,CHEWTON
,0,0,CHEWTON BUSHLANDS,CHEWTON BUSHLANDS
,0,0,CHILDERS,CHILDERS
,0,0,CHILLINGOLLAH,CHILLINGOLLAH
,0,0,CHILTERN,CHILTERN
,0,0,CHILTERN VALLEY,CHILTERN VALLEY
,0,0,CHINANGIN,CHINANGIN
,0,0,CHINKAPOOK,CHINKAPOOK
,0,0,CHINTIN,CHINTIN
34.0,1,1,CHIRNSIDE PARK,CHIRNSIDE PARK
,0,0,CHIRRIP,CHIRRIP
,0,0,CHOCOLYN,CHOCOLYN
,0,0,CHRISTMAS HILLS,CHRISTMAS HILLS
,0,0,CHUM CREEK,CHUM CREEK
,0,0,CHURCHILL,CHURCHILL
,0,0,CHURCHILL ISLAND,CHURCHILL ISLAND
,0,0,CHUTE,CHUTE
,0,0,CLARENDON,CLARENDON
,0,0,CLARETOWN,CLARETOWN
,0,0,CLARINDA,CLARINDA
,0,0,CLARKEFIELD,CLARKEFIELD
,0,0,CLARKES HILL,CLARKES HILL
36.0,1,1,CLAYTON,CLAYTON
24.0,1,1,CLAYTON SOUTH,CLAYTON SOUTH
,0,0,CLEAR LAKE,CLEAR LAKE
,0,0,CLEMATIS,CLEMATIS
,0,0,CLIFTON CREEK,CLIFTON CREEK
,0,0,CLIFTON HILL,CLIFTON HILL
,0,0,CLIFTON SPRINGS,CLIFTON SPRINGS
,0,0,CLONBINANE,CLONBINANE
,0,0,CLOVER FLAT,CLOVER FLAT
,0,0,CLOVERLEA,CLOVERLEA
,0,0,CLUB TERRACE,CLUB TERRACE
,0,0,CLUNES,CLUNES
,0,0,CLYDE,CLYDE
29.0,1,1,CLYDE NORTH,CLYDE NORTH
,0,0,CLYDEBANK,CLYDEBANK
,0,0,CLYDESDALE,CLYDESDALE
,0,0,COALVILLE,COALVILLE
,0,0,COBAINS,COBAINS
,0,0,COBAW,COBAW
,0,0,COBBANNAH,COBBANNAH
,0,0,COBBERAS,COBBERAS
,0,0,COBBLEBANK,COBBLEBANK
24.0,1,1,COBDEN,COBDEN
26.0,1,1,COBRAM,COBRAM
,0,0,COBRAM EAST,COBRAM EAST
,0,0,COBRICO,COBRICO
,0,0,COBUNGRA,COBUNGRA
30.0,1,1,COBURG,COBURG
,0,0,COBURG NORTH,COBURG NORTH
,0,0,COCAMBA,COCAMBA
,0,0,COCHRANES CREEK,COCHRANES CREEK
,0,0,COCKATOO,COCKATOO
,0,0,COCOROC,COCOROC
,0,0,CODRINGTON,CODRINGTON
,0,0,COGHILLS CREEK,COGHILLS CREEK
28.0,1,1,COHUNA,COHUNA
,0,0,COIMADAI,COIMADAI
,0,0,COKUM,COKUM
28.0,1,1,COLAC,COLAC
,0,0,COLAC COLAC,COLAC COLAC
,0,0,COLAC EAST,COLAC EAST
,0,0,COLAC WEST,COLAC WEST
,0,0,COLBINABBIN,COLBINABBIN
,0,0,COLBROOK,COLBROOK
,0,0,COLDSTREAM,COLDSTREAM
,0,0,COLERAINE,COLERAINE
,0,0,COLIGNAN,COLIGNAN
28.0,1,1,COLLINGWOOD,COLLINGWOOD
,0,0,COMBIENBAR,COMBIENBAR
,0,0,CONCONGELLA,CONCONGELLA
,0,0,CONDAH,CONDAH
,0,0,CONDAH SWAMP,CONDAH SWAMP
,0,0,CONGUPNA,CONGUPNA
,0,0,CONNEWARRE,CONNEWARRE
,0,0,CONNEWIRRICOO,CONNEWIRRICOO
,0,0,COOJAR,COOJAR
,0,0,COOLAROO,COOLAROO
,0,0,COOMA,COOMA
,0,0,COOMBOONA,COOMBOONA
,0,0,COOMOORA,COOMOORA
,0,0,COONGULLA,COONGULLA
,0,0,COONOOER BRIDGE,COONOOER BRIDGE
,0,0,COONOOER WEST,COONOOER WEST
,0,0,COOPERS CREEK,COOPERS CREEK
,0,0,COORIEMUNGLE,COORIEMUNGLE
,0,0,COPE COPE,COPE COPE
,0,0,CORA LYNN,CORA LYNN
,0,0,CORACK,CORACK
,0,0,CORACK EAST,CORACK EAST
,0,0,CORAGULAC,CORAGULAC
,0,0,CORAL BANK,CORAL BANK
,0,0,CORINDHAP,CORINDHAP
,0,0,CORINELLA,CORINELLA
32.0,1,1,CORIO,CORIO
,0,0,CORNDALE,CORNDALE
,0,0,CORNELLA,CORNELLA
,0,0,CORNISHTOWN,CORNISHTOWN
,0,0,CORONET BAY,CORONET BAY
,0,0,COROP,COROP
,0,0,COROROOKE,COROROOKE
,0,0,CORRINGLE,CORRINGLE
31.0,1,1,CORRYONG,CORRYONG
,0,0,CORUNNUN,CORUNNUN
,0,0,COSGROVE,COSGROVE
,0,0,COSGROVE SOUTH,COSGROVE SOUTH
,0,0,COSTERFIELD,COSTERFIELD
,0,0,COTSWOLD,COTSWOLD
,0,0,COTTLES BRIDGE,COTTLES BRIDGE
,0,0,COWA,COWA
,0,0,COWANGIE,COWANGIE
,0,0,COWES,COWES
,0,0,COWLEYS CREEK,COWLEYS CREEK
,0,0,COWWARR,COWWARR
,0,0,CRAIGIE,CRAIGIE
25.0,3,3,CRAIGIEBURN,CRAIGIEBURN
26.0,1,1,CRANBOURNE,CRANBOURNE
30.0,1,1,CRANBOURNE EAST,CRANBOURNE EAST
29.0,1,1,CRANBOURNE NORTH,CRANBOURNE NORTH
,0,0,CRANBOURNE SOUTH,CRANBOURNE SOUTH
,0,0,CRANBOURNE WEST,CRANBOURNE WEST
,0,0,CREEK JUNCTION,CREEK JUNCTION
,0,0,CREEK VIEW,CREEK VIEW
,0,0,CREIGHTONS CREEK,CREIGHTONS CREEK
,0,0,CREMORNE,CREMORNE
,0,0,CRESSY,CRESSY
,0,0,CRESWICK,CRESWICK
,0,0,CRESWICK NORTH,CRESWICK NORTH
,0,0,CRIB POINT,CRIB POINT
,0,0,CROOKAYAN,CROOKAYAN
,0,0,CROOKED RIVER,CROOKED RIVER
,0,0,CROSS ROADS,CROSS ROADS
,0,0,CROSSLEY,CROSSLEY
,0,0,CROSSOVER,CROSSOVER
,0,0,CROWLANDS,CROWLANDS
,0,0,CROXTON EAST,CROXTON EAST
,0,0,CROYDON,CROYDON
32.0,1,1,CROYDON HILLS,CROYDON HILLS
,0,0,CROYDON NORTH,CROYDON NORTH
,0,0,CROYDON SOUTH,CROYDON SOUTH
,0,0,CRYMELON,CRYMELON
,0,0,CUDGEE,CUDGEE
,0,0,CUDGEWA,CUDGEWA
,0,0,CULGOA,CULGOA
,0,0,CULLA,CULLA
,0,0,CULLEN,CULLEN
,0,0,CULLULLERAINE,CULLULLERAINE
,0,0,CUNDARE,CUNDARE
,0,0,CUNDARE NORTH,CUNDARE NORTH
,0,0,CURDIES RIVER,CURDIES RIVER
,0,0,CURDIEVALE,CURDIEVALE
,0,0,CURLEWIS,CURLEWIS
,0,0,CURYO,CURYO
,0,0,DADSWELLS BRIDGE,DADSWELLS BRIDGE
,0,0,DAISY HILL,DAISY HILL
,0,0,DALES CREEK,DALES CREEK
,0,0,DALLAS,DALLAS
,0,0,DALMORE,DALMORE
,0,0,DALTONS BRIDGE,DALTONS BRIDGE
,0,0,DALYENONG,DALYENONG
,0,0,DALYSTON,DALYSTON
27.0,1,1,DANDENONG,DANDENONG
26.0,1,1,DANDENONG NORTH,DANDENONG NORTH
,0,0,DANDENONG SOUTH,DANDENONG SOUTH
,0,0,DANDONGADALE,DANDONGADALE
,0,0,DARGO,DARGO
,0,0,DARLEY,DARLEY
,0,0,DARLIMURLA,DARLIMURLA
,0,0,DARLINGTON,DARLINGTON
,0,0,DARNUM,DARNUM
,0,0,DARRAWEIT GUIM,DARRAWEIT GUIM
,0,0,DARRIMAN,DARRIMAN
,0,0,DARTMOOR,DARTMOOR
,0,0,DARTMOUTH,DARTMOUTH
,0,0,DAWSON,DAWSON
29.0,1,1,DAYLESFORD,DAYLESFORD
,0,0,DEAN,DEAN
,0,0,DEANS MARSH,DEANS MARSH
,0,0,DEANSIDE,DEANSIDE
,0,0,DEDDICK VALLEY,DEDDICK VALLEY
,0,0,DEDERANG,DEDERANG
,0,0,DEEP LEAD,DEEP LEAD
,0,0,DEEPDENE,DEEPDENE
,0,0,DEER PARK,DEER PARK
,0,0,DELACOMBE,DELACOMBE
27.0,1,1,DELAHEY,DELAHEY
,0,0,DELATITE,DELATITE
,0,0,DELBURN,DELBURN
,0,0,DELEGATE RIVER,DELEGATE RIVER
,0,0,DENICULL CREEK,DENICULL CREEK
,0,0,DENISON,DENISON
,0,0,DENNINGTON,DENNINGTON
,0,0,DENVER,DENVER
,0,0,DEPTFORD,DEPTFORD
,0,0,DERBY,DERBY
,0,0,DEREEL,DEREEL
,0,0,DERGHOLM,DERGHOLM
,0,0,DERRIMUT,DERRIMUT
,0,0,DERRINAL,DERRINAL
,0,0,DERRINALLUM,DERRINALLUM
,0,0,DEVENISH,DEVENISH
,0,0,DEVILS RIVER,DEVILS RIVER
,0,0,DEVON MEADOWS,DEVON MEADOWS
,0,0,DEVON NORTH,DEVON NORTH
,0,0,DEWHURST,DEWHURST
,0,0,DHURRINGILE,DHURRINGILE
25.0,1,1,DIAMOND CREEK,DIAMOND CREEK
,0,0,DIGBY,DIGBY
,0,0,DIGGERS REST,DIGGERS REST
,0,0,DIGGORA,DIGGORA
,0,0,DIMBOOLA,DIMBOOLA
28.0,1,1,DINGEE,DINGEE
,0,0,DINGLEY VILLAGE,DINGLEY VILLAGE
,0,0,DINGWALL,DINGWALL
,0,0,DINNER PLAIN,DINNER PLAIN
,0,0,DIXIE,DIXIE
,0,0,DIXONS CREEK,DIXONS CREEK
,0,0,DOBIE,DOBIE
,0,0,DOCKER,DOCKER
,0,0,DOCKERS PLAINS,DOCKERS PLAINS
,0,0,DOCKLANDS,DOCKLANDS
,0,0,DOCTORS FLAT,DOCTORS FLAT
,0,0,DOLLAR,DOLLAR
,0,0,DON VALLEY,DON VALLEY
29.0,1,1,DONALD,DONALD
32.0,1,1,DONCASTER,DONCASTER
,0,0,DONCASTER EAST,DONCASTER EAST
,0,0,DONNYBROOK,DONNYBROOK
31.5,2,2,DONVALE,DONVALE
,0,0,DOOBOOBETIC,DOOBOOBETIC
,0,0,DOOEN,DOOEN
,0,0,DOOKIE,DOOKIE
,0,0,DOOKIE COLLEGE,DOOKIE COLLEGE
29.0,1,1,DOREEN,DOREEN
,0,0,DORODONG,DORODONG
,0,0,DOUBLE BRIDGES,DOUBLE BRIDGES
,0,0,DOUGLAS,DOUGLAS
,0,0,DOVETON,DOVETON
,0,0,DREEITE,DREEITE
,0,0,DREEITE SOUTH,DREEITE SOUTH
,0,0,DRIFFIELD,DRIFFIELD
,0,0,DRIK DRIK,DRIK DRIK
32.0,1,1,DROMANA,DROMANA
,0,0,DROPMORE,DROPMORE
29.5,2,2,DROUIN,DROUIN
,0,0,DROUIN EAST,DROUIN EAST
,0,0,DROUIN SOUTH,DROUIN SOUTH
,0,0,DROUIN WEST,DROUIN WEST
,0,0,DRUMANURE,DRUMANURE
,0,0,DRUMBORG,DRUMBORG
,0,0,DRUMCONDRA,DRUMCONDRA
,0,0,DRUMMARTIN,DRUMMARTIN
,0,0,DRUMMOND,DRUMMOND
,0,0,DRUMMOND NORTH,DRUMMOND NORTH
,0,0,DRUNG,DRUNG
,0,0,DRY DIGGINGS,DRY DIGGINGS
28.0,1,1,DRYSDALE,DRYSDALE
,0,0,DUCHEMBEGARRA,DUCHEMBEGARRA
,0,0,DUMBALK,DUMBALK
,0,0,DUMBALK NORTH,DUMBALK NORTH
,0,0,DUMOSA,DUMOSA
,0,0,DUNACH,DUNACH
,0,0,DUNDONNELL,DUNDONNELL
,0,0,DUNKELD,DUNKELD
,0,0,DUNLUCE,DUNLUCE
,0,0,DUNNEWORTHY,DUNNEWORTHY
,0,0,DUNNSTOWN,DUNNSTOWN
,0,0,DUNOLLY,DUNOLLY
,0,0,DUNROBIN,DUNROBIN
,0,0,DURDIDWARRAH,DURDIDWARRAH
,0,0,DURHAM LEAD,DURHAM LEAD
,0,0,DURHAM OX,DURHAM OX
,0,0,DUTSON,DUTSON
,0,0,DUTSON DOWNS,DUTSON DOWNS
,0,0,DUTTON WAY,DUTTON WAY
,0,0,DUVERNEY,DUVERNEY
,0,0,EAGLE POINT,EAGLE POINT
,0,0,EAGLEHAWK,EAGLEHAWK
,0,0,EAGLEHAWK NORTH,EAGLEHAWK NORTH
,0,0,EAGLEMONT,EAGLEMONT
,0,0,EARLSTON,EARLSTON
,0,0,EAST BAIRNSDALE,EAST BAIRNSDALE
,0,0,EAST BENDIGO,EAST BENDIGO
27.0,1,1,EAST GEELONG,EAST GEELONG
,0,0,EAST MELBOURNE,EAST MELBOURNE
,0,0,EAST SALE,EAST SALE
,0,0,EAST WANGARATTA,EAST WANGARATTA
,0,0,EAST WARBURTON,EAST WARBURTON
,0,0,EASTERN VIEW,EASTERN VIEW
,0,0,EASTVILLE,EASTVILLE
,0,0,EASTWOOD,EASTWOOD
,0,0,EBDEN,EBDEN
29.0,4,4,ECHUCA,ECHUCA
,0,0,ECHUCA VILLAGE,ECHUCA VILLAGE
,0,0,ECHUCA WEST,ECHUCA WEST
,0,0,ECKLIN SOUTH,ECKLIN SOUTH
,0,0,EDDINGTON,EDDINGTON
,0,0,EDEN PARK,EDEN PARK
25.0,1,1,EDENHOPE,EDENHOPE
,0,0,EDGECOMBE,EDGECOMBE
,0,0,EDI,EDI
,0,0,EDI UPPER,EDI UPPER
,0,0,EDITHVALE,EDITHVALE
,0,0,EGANSTOWN,EGANSTOWN
,0,0,EILDON,EILDON
,0,0,ELAINE,ELAINE
,0,0,ELDORADO,ELDORADO
,0,0,ELEVATED PLAINS,ELEVATED PLAINS
,0,0,ELINGAMITE,ELINGAMITE
,0,0,ELINGAMITE NORTH,ELINGAMITE NORTH
,0,0,ELIZABETH ISLAND,ELIZABETH ISLAND
,0,0,ELLASWOOD,ELLASWOOD
,0,0,ELLERSLIE,ELLERSLIE
,0,0,ELLIMINYT,ELLIMINYT
,0,0,ELLINBANK,ELLINBANK
,0,0,ELMHURST,ELMHURST
,0,0,ELMORE,ELMORE
,0,0,ELPHINSTONE,ELPHINSTONE
35.0,1,1,ELSTERNWICK,ELSTERNWICK
29.0,1,1,ELTHAM,ELTHAM
29.0,1,1,ELTHAM NORTH,ELTHAM NORTH
31.0,1,1,ELWOOD,ELWOOD
28.0,1,1,EMERALD,EMERALD
,0,0,EMU,EMU
,0,0,EMU CREEK,EMU CREEK
31.0,1,1,ENDEAVOUR HILLS,ENDEAVOUR HILLS
,0,0,ENFIELD,ENFIELD
,0,0,ENGLEFIELD,ENGLEFIELD
,0,0,ENOCHS POINT,ENOCHS POINT
,0,0,ENSAY,ENSAY
,0,0,ENSAY NORTH,ENSAY NORTH
,0,0,EPPALOCK,EPPALOCK
30.0,2,2,EPPING,EPPING
,0,0,EPSOM,EPSOM
,0,0,ERCILDOUNE,ERCILDOUNE
,0,0,ERICA,ERICA
,0,0,ERRINUNDRA,ERRINUNDRA
,0,0,ESKDALE,ESKDALE
,0,0,ESMOND,ESMOND
31.0,2,2,ESSENDON,ESSENDON
,0,0,ESSENDON FIELDS,ESSENDON FIELDS
,0,0,ESSENDON NORTH,ESSENDON NORTH
,0,0,ESSENDON WEST,ESSENDON WEST
,0,0,EUMEMMERRING,EUMEMMERRING
,0,0,EURACK,EURACK
,0,0,EUREKA,EUREKA
26.0,1,1,EUROA,EUROA
,0,0,EUROBIN,EUROBIN
,0,0,EVANSFORD,EVANSFORD
,0,0,EVERSLEY,EVERSLEY
,0,0,EVERTON,EVERTON
,0,0,EVERTON UPPER,EVERTON UPPER
,0,0,EXFORD,EXFORD
,0,0,EYNESBURY,EYNESBURY
,0,0,FAIRBANK,FAIRBANK
,0,0,FAIRFIELD,FAIRFIELD
,0,0,FAIRHAVEN,FAIRHAVEN
,0,0,FAIRLEY,FAIRLEY
,0,0,FAIRY DELL,FAIRY DELL
,0,0,FAIRY DELL,FAIRY DELL
,0,0,FALLS CREEK,FALLS CREEK
,0,0,FARADAY,FARADAY
,0,0,FAWCETT,FAWCETT
,0,0,FAWKNER,FAWKNER
,0,0,FENTONS CREEK,FENTONS CREEK
,0,0,FERGUSON,FERGUSON
,0,0,FERN HILL,FERN HILL
,0,0,FERNBANK,FERNBANK
,0,0,FERNDALE,FERNDALE
,0,0,FERNIHURST,FERNIHURST
,0,0,FERNSHAW,FERNSHAW
29.0,4,4,FERNTREE GULLY,FERNTREE GULLY
,0,0,FERNY CREEK,FERNY CREEK
,0,0,FIELDSTONE,FIELDSTONE
,0,0,FIERY FLAT,FIERY FLAT
,0,0,FINGAL,FINGAL
,0,0,FISH CREEK,FISH CREEK
,0,0,FISH POINT,FISH POINT
,0,0,FISKVILLE,FISKVILLE
32.0,1,1,FITZROY,FITZROY
28.0,1,1,FITZROY NORTH,FITZROY NORTH
,0,0,FLAGGY CREEK,FLAGGY CREEK
,0,0,FLAGSTAFF,FLAGSTAFF
,0,0,FLAMINGO BEACH,FLAMINGO BEACH
,0,0,FLEMINGTON,FLEMINGTON
,0,0,FLINDERS,FLINDERS
,0,0,FLORA HILL,FLORA HILL
,0,0,FLOWERDALE,FLOWERDALE
,0,0,FLYNN,FLYNN
,0,0,FLYNNS CREEK,FLYNNS CREEK
29.0,1,1,FOOTSCRAY,FOOTSCRAY
,0,0,FORBES,FORBES
,0,0,FOREST HILL,FOREST HILL
,0,0,FORGE CREEK,FORGE CREEK
,0,0,FORREST,FORREST
30.0,1,1,FOSTER,FOSTER
,0,0,FOSTER NORTH,FOSTER NORTH
,0,0,FOSTERVILLE,FOSTERVILLE
,0,0,FOXHOW,FOXHOW
,0,0,FRAMLINGHAM,FRAMLINGHAM
,0,0,FRAMLINGHAM EAST,FRAMLINGHAM EAST
,0,0,FRANKLINFORD,FRANKLINFORD
30.5,2,2,FRANKSTON,FRANKSTON
21.0,1,1,FRANKSTON NORTH,FRANKSTON NORTH
,0,0,FRANKSTON SOUTH,FRANKSTON SOUTH
,0,0,FRASER RISE,FRASER RISE
,0,0,FREEBURGH,FREEBURGH
,0,0,FRENCH ISLAND,FRENCH ISLAND
,0,0,FRENCHMANS,FRENCHMANS
,0,0,FRESHWATER CREEK,FRESHWATER CREEK
,0,0,FRYERSTOWN,FRYERSTOWN
,0,0,FULHAM,FULHAM
,0,0,FUMINA,FUMINA
,0,0,FUMINA SOUTH,FUMINA SOUTH
,0,0,FYANS CREEK,FYANS CREEK
,0,0,FYANSFORD,FYANSFORD
,0,0,GAFFNEYS CREEK,GAFFNEYS CREEK
,0,0,GAINSBOROUGH,GAINSBOROUGH
,0,0,GANNAWARRA,GANNAWARRA
,0,0,GAPSTED,GAPSTED
,0,0,GARDENVALE,GARDENVALE
,0,0,GARFIELD,GARFIELD
,0,0,GARFIELD NORTH,GARFIELD NORTH
,0,0,GARIBALDI,GARIBALDI
,0,0,GARVOC,GARVOC
,0,0,GATEWAY ISLAND,GATEWAY ISLAND
,0,0,GATUM,GATUM
,0,0,GAZETTE,GAZETTE
,0,0,GEELONG,GEELONG
,0,0,GEELONG WEST,GEELONG WEST
,0,0,GELANTIPY,GELANTIPY
,0,0,GELLIBRAND,GELLIBRAND
,0,0,GELLIBRAND LOWER,GELLIBRAND LOWER
,0,0,GELLIONDALE,GELLIONDALE
,0,0,GEMBROOK,GEMBROOK
,0,0,GENOA,GENOA
,0,0,GENTLE ANNIE,GENTLE ANNIE
,0,0,GEORGES CREEK,GEORGES CREEK
,0,0,GERAHMIN,GERAHMIN
,0,0,GERANG GERUNG,GERANG GERUNG
,0,0,GERANGAMETE,GERANGAMETE
,0,0,GERMANIA,GERMANIA
,0,0,GERMANTOWN,GERMANTOWN
,0,0,GERRIGERRUP,GERRIGERRUP
,0,0,GHERANG,GHERANG
,0,0,GHERINGHAP,GHERINGHAP
,0,0,GHIN GHIN,GHIN GHIN
,0,0,GIFFARD,GIFFARD
,0,0,GIFFARD WEST,GIFFARD WEST
,0,0,GIL GIL,GIL GIL
,0,0,GILDEROY,GILDEROY
,0,0,GILLIESTON,GILLIESTON
,0,0,GILLUM,GILLUM
,0,0,GIPSY POINT,GIPSY POINT
,0,0,GIRGARRE,GIRGARRE
,0,0,GIRGARRE EAST,GIRGARRE EAST
27.0,1,1,GISBORNE,GISBORNE
,0,0,GISBORNE SOUTH,GISBORNE SOUTH
,0,0,GLADFIELD,GLADFIELD
,0,0,GLADSTONE PARK,GLADSTONE PARK
,0,0,GLADYSDALE,GLADYSDALE
,0,0,GLEN ALVIE,GLEN ALVIE
,0,0,GLEN CREEK,GLEN CREEK
,0,0,GLEN FORBES,GLEN FORBES
,0,0,GLEN HUNTLY,GLEN HUNTLY
35.0,2,2,GLEN IRIS,GLEN IRIS
,0,0,GLEN PARK,GLEN PARK
,0,0,GLEN VALLEY,GLEN VALLEY
29.5,2,2,GLEN WAVERLEY,GLEN WAVERLEY
,0,0,GLEN WILLS,GLEN WILLS
,0,0,GLENAIRE,GLENAIRE
,0,0,GLENALADALE,GLENALADALE
,0,0,GLENALBYN,GLENALBYN
,0,0,GLENAROUA,GLENAROUA
,0,0,GLENBRAE,GLENBRAE
,0,0,GLENBURN,GLENBURN
,0,0,GLENDARUEL,GLENDARUEL
,0,0,GLENDONALD,GLENDONALD
,0,0,GLENFALLOCH,GLENFALLOCH
,0,0,GLENFYNE,GLENFYNE
,0,0,GLENGARRY,GLENGARRY
,0,0,GLENGARRY NORTH,GLENGARRY NORTH
,0,0,GLENGARRY WEST,GLENGARRY WEST
,0,0,GLENGOWER,GLENGOWER
,0,0,GLENHOPE,GLENHOPE
,0,0,GLENHOPE EAST,GLENHOPE EAST
,0,0,GLENISLA,GLENISLA
,0,0,GLENLEE,GLENLEE
,0,0,GLENLOFTY,GLENLOFTY
,0,0,GLENLOGIE,GLENLOGIE
,0,0,GLENLOTH,GLENLOTH
,0,0,GLENLOTH EAST,GLENLOTH EAST
,0,0,GLENLUCE,GLENLUCE
,0,0,GLENLYON,GLENLYON
,0,0,GLENMAGGIE,GLENMAGGIE
,0,0,GLENMORE,GLENMORE
,0,0,GLENORCHY,GLENORCHY
,0,0,GLENORMISTON NORTH,GLENORMISTON NORTH
,0,0,GLENORMISTON SOUTH,GLENORMISTON SOUTH
,0,0,GLENPATRICK,GLENPATRICK
,0,0,GLENROWAN,GLENROWAN
,0,0,GLENROWAN WEST,GLENROWAN WEST
23.0,1,1,GLENROY,GLENROY
,0,0,GLENTHOMPSON,GLENTHOMPSON
,0,0,GLOMAR BEACH,GLOMAR BEACH
,0,0,GNARWARRE,GNARWARRE
,0,0,GNOTUK,GNOTUK
,0,0,GOBARUP,GOBARUP
,0,0,GOBUR,GOBUR
,0,0,GOLDEN BEACH,GOLDEN BEACH
,0,0,GOLDEN GULLY,GOLDEN GULLY
,0,0,GOLDEN POINT,GOLDEN POINT
,0,0,GOLDEN POINT,GOLDEN POINT
,0,0,GOLDEN POINT,GOLDEN POINT
,0,0,GOLDEN SQUARE,GOLDEN SQUARE
,0,0,GOLDIE,GOLDIE
,0,0,GOLDSBOROUGH,GOLDSBOROUGH
,0,0,GONG GONG,GONG GONG
,0,0,GONN CROSSING,GONN CROSSING
,0,0,GOOMALIBEE,GOOMALIBEE
,0,0,GOON NURE,GOON NURE
,0,0,GOONGERAH,GOONGERAH
,0,0,GOORAM,GOORAM
,0,0,GOORAMADDA,GOORAMADDA
,0,0,GOORAMBAT,GOORAMBAT
,0,0,GOORNONG,GOORNONG
,0,0,GOOROC,GOOROC
,0,0,GORAE,GORAE
,0,0,GORAE WEST,GORAE WEST
,0,0,GORDON,GORDON
,0,0,GORMANDALE,GORMANDALE
,0,0,GOROKE,GOROKE
,0,0,GOSCHEN,GOSCHEN
,0,0,GOUGHS BAY,GOUGHS BAY
,0,0,GOULBURN WEIR,GOULBURN WEIR
,0,0,GOWANBRAE,GOWANBRAE
,0,0,GOWANFORD,GOWANFORD
,0,0,GOWANGARDIE,GOWANGARDIE
,0,0,GOWAR EAST,GOWAR EAST
,0,0,GOWER,GOWER
,0,0,GRAHAMVALE,GRAHAMVALE
,0,0,GRAMPIANS,GRAMPIANS
,0,0,GRAND RIDGE,GRAND RIDGE
,0,0,GRANGEFIELDS,GRANGEFIELDS
,0,0,GRANITE FLAT,GRANITE FLAT
,0,0,GRANITE ROCK,GRANITE ROCK
,0,0,GRANTVILLE,GRANTVILLE
,0,0,GRANYA,GRANYA
,0,0,GRASS FLAT,GRASS FLAT
,0,0,GRASSDALE,GRASSDALE
,0,0,GRASSMERE,GRASSMERE
,0,0,GRAYS BRIDGE,GRAYS BRIDGE
,0,0,GRAYTOWN,GRAYTOWN
,0,0,GRE GRE,GRE GRE
,0,0,GRE GRE NORTH,GRE GRE NORTH
,0,0,GRE GRE SOUTH,GRE GRE SOUTH
,0,0,GREAT WESTERN,GREAT WESTERN
,0,0,GREDGWIN,GREDGWIN
,0,0,GREEN GULLY,GREEN GULLY
,0,0,GREENDALE,GREENDALE
,0,0,GREENHILL,GREENHILL
,0,0,GREENS CREEK,GREENS CREEK
,0,0,GREENSBOROUGH,GREENSBOROUGH
28.0,1,1,GREENVALE,GREENVALE
,0,0,GREENWALD,GREENWALD
,0,0,GRENVILLE,GRENVILLE
,0,0,GRETA,GRETA
,0,0,GRETA SOUTH,GRETA SOUTH
,0,0,GRETA WEST,GRETA WEST
,0,0,GREY RIVER,GREY RIVER
,0,0,GRINGEGALGONA,GRINGEGALGONA
,0,0,GRITJURK,GRITJURK
25.0,1,1,GROVEDALE,GROVEDALE
,0,0,GRUYERE,GRUYERE
,0,0,GUILDFORD,GUILDFORD
,0,0,GUNBOWER,GUNBOWER
,0,0,GUNDOWRING,GUNDOWRING
,0,0,GUNYAH,GUNYAH
,0,0,GUYS FOREST,GUYS FOREST
,0,0,GUYS HILL,GUYS HILL
,0,0,GYMBOWEN,GYMBOWEN
,0,0,HADDON,HADDON
,0,0,HADFIELD,HADFIELD
,0,0,HALLAM,HALLAM
,0,0,HALLORA,HALLORA
,0,0,HALLS GAP,HALLS GAP
,0,0,HALLSTON,HALLSTON
26.0,1,1,HAMILTON,HAMILTON
,0,0,HAMLYN HEIGHTS,HAMLYN HEIGHTS
,0,0,HAMPTON,HAMPTON
,0,0,HAMPTON EAST,HAMPTON EAST
,0,0,HAMPTON PARK,HAMPTON PARK
,0,0,HANSONVILLE,HANSONVILLE
,0,0,HAPPY VALLEY,HAPPY VALLEY
,0,0,HAPPY VALLEY,HAPPY VALLEY
,0,0,HARCOURT,HARCOURT
,0,0,HARCOURT NORTH,HARCOURT NORTH
,0,0,HARKAWAY,HARKAWAY
,0,0,HARKNESS,HARKNESS
,0,0,HARMERS HAVEN,HARMERS HAVEN
,0,0,HARRIETVILLE,HARRIETVILLE
,0,0,HARROW,HARROW
,0,0,HARSTON,HARSTON
,0,0,HASTINGS,HASTINGS
,0,0,HATTAH,HATTAH
,0,0,HAVELOCK,HAVELOCK
,0,0,HAVEN,HAVEN
,0,0,HAVILAH,HAVILAH
,0,0,HAWKESDALE,HAWKESDALE
,0,0,HAWKHURST,HAWKHURST
35.0,2,2,HAWTHORN,HAWTHORN
31.0,1,1,HAWTHORN EAST,HAWTHORN EAST
,0,0,HAZEL PARK,HAZEL PARK
,0,0,HAZELWOOD,HAZELWOOD
,0,0,HAZELWOOD NORTH,HAZELWOOD NORTH
,0,0,HAZELWOOD SOUTH,HAZELWOOD SOUTH
27.0,1,1,HEALESVILLE,HEALESVILLE
,0,0,HEATH HILL,HEATH HILL
,0,0,HEATHCOTE,HEATHCOTE
,0,0,HEATHCOTE JUNCTION,HEATHCOTE JUNCTION
,0,0,HEATHCOTE SOUTH,HEATHCOTE SOUTH
,0,0,HEATHERTON,HEATHERTON
,0,0,HEATHMERE,HEATHMERE
25.0,1,1,HEATHMONT,HEATHMONT
,0,0,HEDLEY,HEDLEY
32.0,1,1,HEIDELBERG,HEIDELBERG
,0,0,HEIDELBERG HEIGHTS,HEIDELBERG HEIGHTS
,0,0,HEIDELBERG WEST,HEIDELBERG WEST
,0,0,HENSLEY PARK,HENSLEY PARK
,0,0,HENTY,HENTY
,0,0,HEPBURN,HEPBURN
,0,0,HEPBURN SPRINGS,HEPBURN SPRINGS
29.0,1,1,HERNE HILL,HERNE HILL
,0,0,HERNES OAK,HERNES OAK
,0,0,HESKET,HESKET
,0,0,HESSE,HESSE
,0,0,HEXHAM,HEXHAM
,0,0,HEYFIELD,HEYFIELD
,0,0,HEYTESBURY LOWER,HEYTESBURY LOWER
,0,0,HEYWOOD,HEYWOOD
,0,0,HIAMDALE,HIAMDALE
,0,0,HIAWATHA,HIAWATHA
,0,0,HIGH CAMP,HIGH CAMP
,0,0,HIGHETT,HIGHETT
,0,0,HIGHLANDS,HIGHLANDS
,0,0,HIGHTON,HIGHTON
,0,0,HILGAY,HILGAY
,0,0,HILL END,HILL END
,0,0,HILLCREST,HILLCREST
,0,0,HILLDENE,HILLDENE
,0,0,HILLSIDE,HILLSIDE
,0,0,HILLSIDE,HILLSIDE
,0,0,HINNOMUNJIE,HINNOMUNJIE
,0,0,HMAS CERBERUS,HMAS CERBERUS
,0,0,HODDLES CREEK,HODDLES CREEK
,0,0,HOLLANDS LANDING,HOLLANDS LANDING
,0,0,HOMEBUSH,HOMEBUSH
,0,0,HOMERTON,HOMERTON
,0,0,HOMEWOOD,HOMEWOOD
27.0,1,1,HOPETOUN,HOPETOUN
,0,0,HOPETOUN PARK,HOPETOUN PARK
25.0,1,1,HOPPERS CROSSING,HOPPERS CROSSING
,0,0,HORDERN VALE,HORDERN VALE
,0,0,HORFIELD,HORFIELD
29.0,1,1,HORSHAM,HORSHAM
,0,0,HOTHAM HEIGHTS,HOTHAM HEIGHTS
,0,0,HOTSPUR,HOTSPUR
,0,0,HOWES CREEK,HOWES CREEK
,0,0,HOWITT PLAINS,HOWITT PLAINS
,0,0,HOWQUA,HOWQUA
,0,0,HOWQUA HILLS,HOWQUA HILLS
,0,0,HOWQUA INLET,HOWQUA INLET
32.0,1,1,HUGHESDALE,HUGHESDALE
,0,0,HUMEVALE,HUMEVALE
,0,0,HUNTER,HUNTER
,0,0,HUNTERSTON,HUNTERSTON
,0,0,HUNTINGDALE,HUNTINGDALE
,0,0,HUNTLY,HUNTLY
,0,0,HUNTLY NORTH,HUNTLY NORTH
,0,0,HUON,HUON
,0,0,HUON CREEK,HUON CREEK
,0,0,HURSTBRIDGE,HURSTBRIDGE
,0,0,ICY CREEK,ICY CREEK
,0,0,IGUANA CREEK,IGUANA CREEK
,0,0,ILLABAROOK,ILLABAROOK
,0,0,ILLAWARRA,ILLAWARRA
,0,0,ILLOWA,ILLOWA
,0,0,INDENTED HEAD,INDENTED HEAD
,0,0,INDIGO VALLEY,INDIGO VALLEY
,0,0,INGLEWOOD,INGLEWOOD
,0,0,INGLISTON,INGLISTON
,0,0,INKERMAN,INKERMAN
,0,0,INVERGORDON,INVERGORDON
,0,0,INVERLEIGH,INVERLEIGH
,0,0,INVERLOCH,INVERLOCH
,0,0,INVERMAY,INVERMAY
,0,0,INVERMAY PARK,INVERMAY PARK
,0,0,IONA,IONA
,0,0,IRAAK,IRAAK
,0,0,IRISHTOWN,IRISHTOWN
,0,0,IRONBARK,IRONBARK
,0,0,IRREWARRA,IRREWARRA
,0,0,IRREWILLIPE,IRREWILLIPE
,0,0,IRREWILLIPE EAST,IRREWILLIPE EAST
,0,0,IRYMPLE,IRYMPLE
34.0,3,3,IVANHOE,IVANHOE
,0,0,IVANHOE EAST,IVANHOE EAST
,0,0,JACANA,JACANA
,0,0,JACK RIVER,JACK RIVER
,0,0,JACKASS FLAT,JACKASS FLAT
,0,0,JACOB CREEK,JACOB CREEK
,0,0,JAM JERRUP,JAM JERRUP
,0,0,JAMIESON,JAMIESON
,0,0,JAN JUC,JAN JUC
,0,0,JANCOURT,JANCOURT
,0,0,JANCOURT EAST,JANCOURT EAST
,0,0,JARKLIN,JARKLIN
,0,0,JARRAHMOND,JARRAHMOND
,0,0,JARVIS CREEK,JARVIS CREEK
,0,0,JEERALANG,JEERALANG
,0,0,JEERALANG JUNCTION,JEERALANG JUNCTION
,0,0,JEETHO,JEETHO
,0,0,JEFFCOTT,JEFFCOTT
,0,0,JEFFCOTT NORTH,JEFFCOTT NORTH
,0,0,JEPARIT,JEPARIT
,0,0,JERICHO,JERICHO
,0,0,JERUK,JERUK
,0,0,JIL JIL,JIL JIL
,0,0,JILPANGER,JILPANGER
,0,0,JINDIVICK,JINDIVICK
,0,0,JOEL JOEL,JOEL JOEL
,0,0,JOEL SOUTH,JOEL SOUTH
,0,0,JOHANNA,JOHANNA
,0,0,JOHNSONVILLE,JOHNSONVILLE
,0,0,JOYCES CREEK,JOYCES CREEK
,0,0,JUMBUK,JUMBUK
,0,0,JUMBUNNA,JUMBUNNA
,0,0,JUNCTION VILLAGE,JUNCTION VILLAGE
,0,0,JUNG,JUNG
,0,0,JUNGABURRA,JUNGABURRA
,0,0,JUNORTOUN,JUNORTOUN
,0,0,KAARIMBA,KAARIMBA
,0,0,KADNOOK,KADNOOK
,0,0,KALIMNA,KALIMNA
,0,0,KALIMNA WEST,KALIMNA WEST
,0,0,KALKALLO,KALKALLO
,0,0,KALKEE,KALKEE
,0,0,KALLISTA,KALLISTA
,0,0,KALORAMA,KALORAMA
,0,0,KALPIENUNG,KALPIENUNG
,0,0,KAMAROOKA,KAMAROOKA
,0,0,KAMAROOKA NORTH,KAMAROOKA NORTH
,0,0,KANAGULK,KANAGULK
,0,0,KANCOONA,KANCOONA
,0,0,KANGAROO FLAT,KANGAROO FLAT
,0,0,KANGAROO GROUND,KANGAROO GROUND
,0,0,KANIVA,KANIVA
,0,0,KANUMBRA,KANUMBRA
,0,0,KANYA,KANYA
,0,0,KANYAPELLA,KANYAPELLA
,0,0,KARABEAL,KARABEAL
,0,0,KARDELLA,KARDELLA
,0,0,KARDELLA SOUTH,KARDELLA SOUTH
,0,0,KARIAH,KARIAH
,0,0,KARNAK,KARNAK
,0,0,KARRAMOMUS,KARRAMOMUS
,0,0,KARYRIE,KARYRIE
,0,0,KATAMATITE,KATAMATITE
,0,0,KATAMATITE EAST,KATAMATITE EAST
,0,0,KATANDRA,KATANDRA
,0,0,KATANDRA WEST,KATANDRA WEST
,0,0,KATUNGA,KATUNGA
,0,0,KAWARREN,KAWARREN
,0,0,KEALBA,KEALBA
,0,0,KEELY,KEELY
,0,0,KEILOR,KEILOR
,0,0,KEILOR DOWNS,KEILOR DOWNS
26.0,1,1,KEILOR EAST,KEILOR EAST
,0,0,KEILOR LODGE,KEILOR LODGE
,0,0,KEILOR NORTH,KEILOR NORTH
,0,0,KEILOR PARK,KEILOR PARK
,0,0,KELLALAC,KELLALAC
,0,0,KELVIN VIEW,KELVIN VIEW
,0,0,KENLEY,KENLEY
,0,0,KENMARE,KENMARE
,0,0,KENNEDYS CREEK,KENNEDYS CREEK
,0,0,KENNETT RIVER,KENNETT RIVER
,0,0,KENNINGTON,KENNINGTON
,0,0,KENSINGTON,KENSINGTON
29.0,1,1,KERANG,KERANG
,0,0,KERANG EAST,KERANG EAST
,0,0,KERGUNYAH,KERGUNYAH
,0,0,KERGUNYAH SOUTH,KERGUNYAH SOUTH
,0,0,KERNOT,KERNOT
,0,0,KERRIE,KERRIE
,0,0,KERRISDALE,KERRISDALE
,0,0,KEVINGTON,KEVINGTON
34.7,3,3,KEW,KEW
30.0,1,1,KEW EAST,KEW EAST
,0,0,KEWELL,KEWELL
31.2,4,4,KEYSBOROUGH,KEYSBOROUGH
25.0,1,1,KIALLA,KIALLA
,0,0,KIALLA EAST,KIALLA EAST
,0,0,KIALLA WEST,KIALLA WEST
,0,0,KIATA,KIATA
,0,0,KIEWA,KIEWA
,0,0,KILCUNDA,KILCUNDA
,0,0,KILLARA,KILLARA
,0,0,KILLARA,KILLARA
,0,0,KILLARNEY,KILLARNEY
,0,0,KILLAWARRA,KILLAWARRA
,0,0,KILLINGWORTH,KILLINGWORTH
,0,0,KILMANY,KILMANY
28.0,1,1,KILMORE,KILMORE
,0,0,KILMORE EAST,KILMORE EAST
,0,0,KILSYTH,KILSYTH
,0,0,KILSYTH SOUTH,KILSYTH SOUTH
,0,0,KIMBOLTON,KIMBOLTON
,0,0,KING VALLEY,KING VALLEY
,0,0,KINGLAKE,KINGLAKE
,0,0,KINGLAKE CENTRAL,KINGLAKE CENTRAL
,0,0,KINGLAKE WEST,KINGLAKE WEST
,0,0,KINGOWER,KINGOWER
,0,0,KINGS PARK,KINGS PARK
,0,0,KINGSBURY,KINGSBURY
,0,0,KINGSTON,KINGSTON
,0,0,KINGSVILLE,KINGSVILLE
,0,0,KINNABULLA,KINNABULLA
,0,0,KINYPANIAL,KINYPANIAL
,0,0,KIRKSTALL,KIRKSTALL
,0,0,KIRWANS BRIDGE,KIRWANS BRIDGE
,0,0,KITHBROOK,KITHBROOK
,0,0,KNEBSWORTH,KNEBSWORTH
,0,0,KNOCKWOOD,KNOCKWOOD
,0,0,KNOWSLEY,KNOWSLEY
26.0,1,1,KNOXFIELD,KNOXFIELD
,0,0,KOALLAH,KOALLAH
,0,0,KOETONG,KOETONG
,0,0,KOLORA,KOLORA
,0,0,KONGWAK,KONGWAK
,0,0,KONONGWOOTONG,KONONGWOOTONG
,0,0,KOO WEE RUP,KOO WEE RUP
,0,0,KOO WEE RUP NORTH,KOO WEE RUP NORTH
,0,0,KOOLOONONG,KOOLOONONG
,0,0,KOONDA,KOONDA
,0,0,KOONDROOK,KOONDROOK
,0,0,KOONOOMOO,KOONOOMOO
,0,0,KOONWARRA,KOONWARRA
,0,0,KOOREH,KOOREH
,0,0,KOORLONG,KOORLONG
,0,0,KOORNALLA,KOORNALLA
,0,0,KOOROOCHEANG,KOOROOCHEANG
,0,0,KOOROOL,KOOROOL
,0,0,KOOROOMAN,KOOROOMAN
,0,0,KOOYONG,KOOYONG
,0,0,KORIELLA,KORIELLA
,0,0,KOROBEIT,KOROBEIT
,0,0,KOROIT,KOROIT
,0,0,KORONG VALE,KORONG VALE
,0,0,KOROOP,KOROOP
,0,0,KORUMBURRA,KORUMBURRA
,0,0,KORUMBURRA SOUTH,KORUMBURRA SOUTH
,0,0,KORWEINGUBOORA,KORWEINGUBOORA
,0,0,KOTTA,KOTTA
,0,0,KOTUPNA,KOTUPNA
,0,0,KOYUGA,KOYUGA
,0,0,KROWERA,KROWERA
,0,0,KULWIN,KULWIN
,0,0,KUNAT,KUNAT
,0,0,KURRACA,KURRACA
,0,0,KURRACA WEST,KURRACA WEST
,0,0,KURTING,KURTING
24.0,1,1,KURUNJANG,KURUNJANG
27.0,1,1,KYABRAM,KYABRAM
,0,0,KYABRAM SOUTH,KYABRAM SOUTH
27.0,1,1,KYNETON,KYNETON
,0,0,KYNETON SOUTH,KYNETON SOUTH
,0,0,KYVALLEY,KYVALLEY
,0,0,LAANECOORIE,LAANECOORIE
,0,0,LAANG,LAANG
,0,0,LABERTOUCHE,LABERTOUCHE
,0,0,LACEBY,LACEBY
,0,0,LADYS PASS,LADYS PASS
,0,0,LAEN,LAEN
,0,0,LAEN EAST,LAEN EAST
,0,0,LAEN NORTH,LAEN NORTH
,0,0,LAH,LAH
,0,0,LAHARUM,LAHARUM
,0,0,LAKE BOGA,LAKE BOGA
,0,0,LAKE BOLAC,LAKE BOLAC
,0,0,LAKE BUNGA,LAKE BUNGA
,0,0,LAKE CHARM,LAKE CHARM
,0,0,LAKE CONDAH,LAKE CONDAH
,0,0,LAKE EILDON,LAKE EILDON
,0,0,LAKE EPPALOCK,LAKE EPPALOCK
,0,0,LAKE FYANS,LAKE FYANS
29.0,1,1,LAKE GARDENS,LAKE GARDENS
,0,0,LAKE GOLDSMITH,LAKE GOLDSMITH
,0,0,LAKE LONSDALE,LAKE LONSDALE
,0,0,LAKE MARMAL,LAKE MARMAL
,0,0,LAKE MERAN,LAKE MERAN
,0,0,LAKE MUNDI,LAKE MUNDI
,0,0,LAKE POWELL,LAKE POWELL
,0,0,LAKE ROWAN,LAKE ROWAN
,0,0,LAKE TYERS,LAKE TYERS
,0,0,LAKE TYERS BEACH,LAKE TYERS BEACH
,0,0,LAKE TYRRELL,LAKE TYRRELL
,0,0,LAKE WELLINGTON,LAKE WELLINGTON
,0,0,LAKE WENDOUREE,LAKE WENDOUREE
,0,0,LAKE WONGAN,LAKE WONGAN
,0,0,LAKES ENTRANCE,LAKES ENTRANCE
,0,0,LAL LAL,LAL LAL
,0,0,LALBERT,LALBERT
26.0,1,1,LALOR,LALOR
,0,0,LAMPLOUGH,LAMPLOUGH
,0,0,LANCASTER,LANCASTER
,0,0,LANCE CREEK,LANCE CREEK
,0,0,LANCEFIELD,LANCEFIELD
,0,0,LANDSBOROUGH,LANDSBOROUGH
,0,0,LANDSBOROUGH WEST,LANDSBOROUGH WEST
,0,0,LANG LANG,LANG LANG
,0,0,LANG LANG EAST,LANG LANG EAST
,0,0,LANGDONS HILL,LANGDONS HILL
,0,0,LANGI KAL KAL,LANGI KAL KAL
,0,0,LANGI LOGAN,LANGI LOGAN
,0,0,LANGKOOP,LANGKOOP
,0,0,LANGLEY,LANGLEY
,0,0,LANGSBOROUGH,LANGSBOROUGH
31.0,1,1,LANGWARRIN,LANGWARRIN
30.5,2,2,LANGWARRIN SOUTH,LANGWARRIN SOUTH
25.0,1,1,LARA,LARA
,0,0,LARDNER,LARDNER
,0,0,LARPENT,LARPENT
,0,0,LARRALEA,LARRALEA
,0,0,LASCELLES,LASCELLES
,0,0,LAUNCHING PLACE,LAUNCHING PLACE
,0,0,LAURISTON,LAURISTON
,0,0,LAVERS HILL,LAVERS HILL
24.0,1,1,LAVERTON,LAVERTON
,0,0,LAVERTON NORTH,LAVERTON NORTH
,0,0,LAWLER,LAWLER
,0,0,LAWLOIT,LAWLOIT
,0,0,LAWRENCE,LAWRENCE
,0,0,LEAGHUR,LEAGHUR
,0,0,LEARMONTH,LEARMONTH
,0,0,LEDCOURT,LEDCOURT
,0,0,LEICHARDT,LEICHARDT
,0,0,LEIGH CREEK,LEIGH CREEK
,0,0,LEITCHVILLE,LEITCHVILLE
,0,0,LEMNOS,LEMNOS
,0,0,LENEVA,LENEVA
,0,0,LEONARDS HILL,LEONARDS HILL
29.0,1,1,LEONGATHA,LEONGATHA
,0,0,LEONGATHA NORTH,LEONGATHA NORTH
,0,0,LEONGATHA SOUTH,LEONGATHA SOUTH
,0,0,LEOPOLD,LEOPOLD
,0,0,LERDERDERG,LERDERDERG
,0,0,LESLIE MANOR,LESLIE MANOR
,0,0,LETHBRIDGE,LETHBRIDGE
,0,0,LEXTON,LEXTON
,0,0,LICOLA,LICOLA
,0,0,LICOLA NORTH,LICOLA NORTH
,0,0,LILLICO,LILLICO
,0,0,LILLICUR,LILLICUR
,0,0,LILLIMUR,LILLIMUR
,0,0,LILLIPUT,LILLIPUT
28.5,2,2,LILYDALE,LILYDALE
,0,0,LIMA,LIMA
,0,0,LIMA EAST,LIMA EAST
,0,0,LIMA SOUTH,LIMA SOUTH
,0,0,LIMESTONE,LIMESTONE
,0,0,LINDENOW,LINDENOW
,0,0,LINDENOW SOUTH,LINDENOW SOUTH
,0,0,LINDSAY,LINDSAY
,0,0,LINDSAY POINT,LINDSAY POINT
,0,0,LINGA,LINGA
,0,0,LINTON,LINTON
,0,0,LIPAROO,LIPAROO
,0,0,LISMORE,LISMORE
,0,0,LITCHFIELD,LITCHFIELD
,0,0,LITTLE DESERT,LITTLE DESERT
,0,0,LITTLE HAMPTON,LITTLE HAMPTON
,0,0,LITTLE RIVER,LITTLE RIVER
,0,0,LLANELLY,LLANELLY
,0,0,LLOWALONG,LLOWALONG
,0,0,LOCH,LOCH
,0,0,LOCH SPORT,LOCH SPORT
,0,0,LOCH VALLEY,LOCH VALLEY
,0,0,LOCKINGTON,LOCKINGTON
,0,0,LOCKSLEY,LOCKSLEY
,0,0,LOCKWOOD,LOCKWOOD
,0,0,LOCKWOOD SOUTH,LOCKWOOD SOUTH
,0,0,LODDON VALE,LODDON VALE
,0,0,LOGAN,LOGAN
,0,0,LONDRIGAN,LONDRIGAN
,0,0,LONG FOREST,LONG FOREST
,0,0,LONG GULLY,LONG GULLY
,0,0,LONGERENONG,LONGERENONG
,0,0,LONGFORD,LONGFORD
,0,0,LONGLEA,LONGLEA
,0,0,LONGWARRY,LONGWARRY
,0,0,LONGWARRY NORTH,LONGWARRY NORTH
,0,0,LONGWOOD,LONGWOOD
,0,0,LONGWOOD EAST,LONGWOOD EAST
23.0,1,1,LORNE,LORNE
,0,0,LORQUON,LORQUON
24.0,1,1,LOVELY BANKS,LOVELY BANKS
,0,0,LOWER MOIRA,LOWER MOIRA
,0,0,LOWER NORTON,LOWER NORTON
,0,0,LOWER PLENTY,LOWER PLENTY
,0,0,LOY YANG,LOY YANG
,0,0,LUBECK,LUBECK
,0,0,LUCAS,LUCAS
,0,0,LUCKNOW,LUCKNOW
,0,0,LUCYVALE,LUCYVALE
,0,0,LURG,LURG
,0,0,LYAL,LYAL
,0,0,LYNBROOK,LYNBROOK
,0,0,LYNDHURST,LYNDHURST
,0,0,LYONS,LYONS
,0,0,LYONVILLE,LYONVILLE
,0,0,LYSTERFIELD,LYSTERFIELD
,0,0,LYSTERFIELD SOUTH,LYSTERFIELD SOUTH
,0,0,MACARTHUR,MACARTHUR
,0,0,MACCLESFIELD,MACCLESFIELD
32.0,1,1,MACEDON,MACEDON
,0,0,MACKS CREEK,MACKS CREEK
28.0,1,1,MACLEOD,MACLEOD
,0,0,MACORNA,MACORNA
,0,0,MACORNA NORTH,MACORNA NORTH
,0,0,MACS COVE,MACS COVE
,0,0,MADALYA,MADALYA
,0,0,MADDINGLEY,MADDINGLEY
,0,0,MAFEKING,MAFEKING
28.0,1,1,MAFFRA,MAFFRA
,0,0,MAFFRA WEST UPPER,MAFFRA WEST UPPER
,0,0,MAGPIE,MAGPIE
27.0,1,1,MAIDEN GULLY,MAIDEN GULLY
,0,0,MAIDSTONE,MAIDSTONE
,0,0,MAILORS FLAT,MAILORS FLAT
,0,0,MAIN LEAD,MAIN LEAD
,0,0,MAIN RIDGE,MAIN RIDGE
,0,0,MAINDAMPLE,MAINDAMPLE
,0,0,MAINTONGOON,MAINTONGOON
,0,0,MAJOR PLAINS,MAJOR PLAINS
,0,0,MAJORCA,MAJORCA
,0,0,MALDON,MALDON
33.0,1,1,MALLACOOTA,MALLACOOTA
,0,0,MALMSBURY,MALMSBURY
30.0,1,1,MALVERN,MALVERN
,0,0,MALVERN EAST,MALVERN EAST
,0,0,MAMBOURIN,MAMBOURIN
,0,0,MANANGATANG,MANANGATANG
,0,0,MANDURANG,MANDURANG
,0,0,MANDURANG SOUTH,MANDURANG SOUTH
,0,0,MANGALORE,MANGALORE
,0,0,MANIFOLD HEIGHTS,MANIFOLD HEIGHTS
,0,0,MANNERIM,MANNERIM
,0,0,MANNIBADAR,MANNIBADAR
,0,0,MANNS BEACH,MANNS BEACH
,0,0,MANOR LAKES,MANOR LAKES
,0,0,MANORINA,MANORINA
29.0,1,1,MANSFIELD,MANSFIELD
,0,0,MARAMINGO CREEK,MARAMINGO CREEK
,0,0,MARCUS HILL,MARCUS HILL
,0,0,MARDAN,MARDAN
,0,0,MARENGO,MARENGO
,0,0,MARIBYRNONG,MARIBYRNONG
,0,0,MARIONVALE,MARIONVALE
,0,0,MARKWOOD,MARKWOOD
,0,0,MARLBED,MARLBED
,0,0,MARLO,MARLO
,0,0,MARNOO,MARNOO
,0,0,MARNOO EAST,MARNOO EAST
,0,0,MARNOO WEST,MARNOO WEST
,0,0,MARONG,MARONG
,0,0,MAROONA,MAROONA
,0,0,MARRAWEENEY,MARRAWEENEY
,0,0,MARSHALL,MARSHALL
,0,0,MARTHAVALE,MARTHAVALE
,0,0,MARUNGI,MARUNGI
26.0,1,1,MARYBOROUGH,MARYBOROUGH
,0,0,MARYKNOLL,MARYKNOLL
,0,0,MARYSVILLE,MARYSVILLE
,0,0,MARYVALE,MARYVALE
,0,0,MASSEY,MASSEY
,0,0,MATLOCK,MATLOCK
,0,0,MAUDE,MAUDE
,0,0,MCCRAE,MCCRAE
,0,0,MCINTYRE,MCINTYRE
,0,0,MCKENZIE CREEK,MCKENZIE CREEK
,0,0,MCKENZIE HILL,MCKENZIE HILL
33.0,1,1,MCKINNON,MCKINNON
,0,0,MCLOUGHLINS BEACH,MCLOUGHLINS BEACH
,0,0,MCMAHONS CREEK,MCMAHONS CREEK
,0,0,MCMILLANS,MCMILLANS
,0,0,MEAD,MEAD
,0,0,MEADOW CREEK,MEADOW CREEK
,0,0,MEADOW HEIGHTS,MEADOW HEIGHTS
,0,0,MEATIAN,MEATIAN
,0,0,MEENIYAN,MEENIYAN
,0,0,MEERING WEST,MEERING WEST
,0,0,MEERLIEU,MEERLIEU
29.4,5,5,MELBOURNE,MELBOURNE
,0,0,MELBOURNE AIRPORT,MELBOURNE AIRPORT
29.0,1,1,MELTON,MELTON
26.0,1,1,MELTON SOUTH,MELTON SOUTH
31.0,1,1,MELTON WEST,MELTON WEST
,0,0,MELVILLE FOREST,MELVILLE FOREST
,0,0,MELWOOD,MELWOOD
,0,0,MENA PARK,MENA PARK
33.2,4,4,MENTONE,MENTONE
,0,0,MENZIES CREEK,MENZIES CREEK
,0,0,MEPUNGA,MEPUNGA
,0,0,MEPUNGA EAST,MEPUNGA EAST
,0,0,MEPUNGA WEST,MEPUNGA WEST
,0,0,MERBEIN,MERBEIN
,0,0,MERBEIN SOUTH,MERBEIN SOUTH
,0,0,MERBEIN WEST,MERBEIN WEST
,0,0,MEREDITH,MEREDITH
,0,0,MERINGUR,MERINGUR
,0,0,MERINO,MERINO
28.0,1,1,MERNDA,MERNDA
,0,0,MERRIANG,MERRIANG
,0,0,MERRIANG SOUTH,MERRIANG SOUTH
,0,0,MERRICKS,MERRICKS
,0,0,MERRICKS BEACH,MERRICKS BEACH
,0,0,MERRICKS NORTH,MERRICKS NORTH
,0,0,MERRIGUM,MERRIGUM
,0,0,MERRIJIG,MERRIJIG
,0,0,MERRIJIG,MERRIJIG
,0,0,MERRIMU,MERRIMU
,0,0,MERRINEE,MERRINEE
,0,0,MERTON,MERTON
,0,0,METCALFE,METCALFE
,0,0,METCALFE EAST,METCALFE EAST
,0,0,METUNG,METUNG
,0,0,MIA MIA,MIA MIA
30.0,1,1,MICKLEHAM,MICKLEHAM
,0,0,MIDDLE CREEK,MIDDLE CREEK
,0,0,MIDDLE PARK,MIDDLE PARK
,0,0,MIDDLE TARWIN,MIDDLE TARWIN
,0,0,MIEPOLL,MIEPOLL
,0,0,MIGA LAKE,MIGA LAKE
,0,0,MILAWA,MILAWA
26.0,1,1,MILDURA,MILDURA
26.0,1,1,MILL PARK,MILL PARK
,0,0,MILLBROOK,MILLBROOK
,0,0,MILLGROVE,MILLGROVE
,0,0,MILLOO,MILLOO
,0,0,MILLTOWN,MILLTOWN
,0,0,MILNES BRIDGE,MILNES BRIDGE
,0,0,MINCHA,MINCHA
,0,0,MINCHA WEST,MINCHA WEST
,0,0,MINERS REST,MINERS REST
,0,0,MINGAY,MINGAY
,0,0,MINHAMITE,MINHAMITE
,0,0,MINIMAY,MINIMAY
,0,0,MININERA,MININERA
,0,0,MINJAH,MINJAH
,0,0,MINMINDIE,MINMINDIE
,0,0,MINYIP,MINYIP
,0,0,MIOWERA,MIOWERA
,0,0,MIRALIE,MIRALIE
,0,0,MIRAM,MIRAM
,0,0,MIRBOO,MIRBOO
,0,0,MIRBOO NORTH,MIRBOO NORTH
,0,0,MIRIMBAH,MIRIMBAH
,0,0,MIRRANATWA,MIRRANATWA
,0,0,MITCHAM,MITCHAM
,0,0,MITCHELL PARK,MITCHELL PARK
,0,0,MITCHELLSTOWN,MITCHELLSTOWN
,0,0,MITIAMO,MITIAMO
,0,0,MITRE,MITRE
,0,0,MITTA MITTA,MITTA MITTA
,0,0,MITTYACK,MITTYACK
,0,0,MOCKINYA,MOCKINYA
,0,0,MODELLA,MODELLA
,0,0,MODEWARRE,MODEWARRE
,0,0,MOE,MOE
,0,0,MOE SOUTH,MOE SOUTH
,0,0,MOGGS CREEK,MOGGS CREEK
,0,0,MOGLONEMBY,MOGLONEMBY
,0,0,MOKEPILLY,MOKEPILLY
,0,0,MOLESWORTH,MOLESWORTH
,0,0,MOLIAGUL,MOLIAGUL
,0,0,MOLKA,MOLKA
,0,0,MOLLONGGHIP,MOLLONGGHIP
,0,0,MOLOGA,MOLOGA
,0,0,MOLYULLAH,MOLYULLAH
25.0,1,1,MONBULK,MONBULK
,0,0,MONEGEETTA,MONEGEETTA
,0,0,MONGANS BRIDGE,MONGANS BRIDGE
,0,0,MONOMAK,MONOMAK
,0,0,MONOMEITH,MONOMEITH
,0,0,MONT ALBERT,MONT ALBERT
32.0,1,1,MONT ALBERT NORTH,MONT ALBERT NORTH
,0,0,MONTGOMERY,MONTGOMERY
,0,0,MONTMORENCY,MONTMORENCY
,0,0,MONTROSE,MONTROSE
,0,0,MOOLAP,MOOLAP
,0,0,MOOLERR,MOOLERR
,0,0,MOOLORT,MOOLORT
,0,0,MOONAMBEL,MOONAMBEL
,0,0,MOONDARRA,MOONDARRA
,0,0,MOONEE PONDS,MOONEE PONDS
,0,0,MOONLIGHT FLAT,MOONLIGHT FLAT
,0,0,MOONLIGHT FLAT,MOONLIGHT FLAT
,0,0,MOORA,MOORA
,0,0,MOORABBIN,MOORABBIN
,0,0,MOORABBIN AIRPORT,MOORABBIN AIRPORT
,0,0,MOORABOOL,MOORABOOL
,0,0,MOORALLA,MOORALLA
,0,0,MOORILIM,MOORILIM
,0,0,MOORMBOOL WEST,MOORMBOOL WEST
,0,0,MOORNAPA,MOORNAPA
,0,0,MOORNGAG,MOORNGAG
,0,0,MOOROODUC,MOOROODUC
31.0,1,1,MOOROOLBARK,MOOROOLBARK
,0,0,MOOROOPNA,MOOROOPNA
,0,0,MOOROOPNA NORTH,MOOROOPNA NORTH
,0,0,MOOROOPNA NORTH WEST,MOOROOPNA NORTH WEST
,0,0,MORANDING,MORANDING
30.0,2,2,MORDIALLOC,MORDIALLOC
,0,0,MORGIANA,MORGIANA
,0,0,MORIAC,MORIAC
29.0,1,1,MORNINGTON,MORNINGTON
,0,0,MOROKA,MOROKA
,0,0,MORRISONS,MORRISONS
,0,0,MORRL MORRL,MORRL MORRL
,0,0,MORTLAKE,MORTLAKE
,0,0,MORTON PLAINS,MORTON PLAINS
24.0,1,1,MORWELL,MORWELL
,0,0,MOSSIFACE,MOSSIFACE
,0,0,MOUNT ALFRED,MOUNT ALFRED
,0,0,MOUNT BEAUTY,MOUNT BEAUTY
,0,0,MOUNT BECKWORTH,MOUNT BECKWORTH
,0,0,MOUNT BEST,MOUNT BEST
,0,0,MOUNT BOLTON,MOUNT BOLTON
,0,0,MOUNT BRUNO,MOUNT BRUNO
,0,0,MOUNT BUFFALO,MOUNT BUFFALO
,0,0,MOUNT BULLER,MOUNT BULLER
,0,0,MOUNT BURNETT,MOUNT BURNETT
,0,0,MOUNT BUTE,MOUNT BUTE
,0,0,MOUNT CAMEL,MOUNT CAMEL
,0,0,MOUNT CAMERON,MOUNT CAMERON
29.0,1,1,MOUNT CLEAR,MOUNT CLEAR
,0,0,MOUNT COLE,MOUNT COLE
,0,0,MOUNT COLE CREEK,MOUNT COLE CREEK
,0,0,MOUNT COTTRELL,MOUNT COTTRELL
,0,0,MOUNT DANDENONG,MOUNT DANDENONG
,0,0,MOUNT DORAN,MOUNT DORAN
,0,0,MOUNT DRYDEN,MOUNT DRYDEN
,0,0,MOUNT DUNEED,MOUNT DUNEED
,0,0,MOUNT ECCLES,MOUNT ECCLES
,0,0,MOUNT ECCLES SOUTH,MOUNT ECCLES SOUTH
,0,0,MOUNT EGERTON,MOUNT EGERTON
,0,0,MOUNT ELIZA,MOUNT ELIZA
,0,0,MOUNT EMU,MOUNT EMU
,0,0,MOUNT EVELYN,MOUNT EVELYN
,0,0,MOUNT FRANKLIN,MOUNT FRANKLIN
,0,0,MOUNT GLASGOW,MOUNT GLASGOW
,0,0,MOUNT HELEN,MOUNT HELEN
,0,0,MOUNT HOOGHLY,MOUNT HOOGHLY
,0,0,MOUNT LONARCH,MOUNT LONARCH
,0,0,MOUNT MACEDON,MOUNT MACEDON
,0,0,MOUNT MAJOR,MOUNT MAJOR
,0,0,MOUNT MARTHA,MOUNT MARTHA
,0,0,MOUNT MERCER,MOUNT MERCER
,0,0,MOUNT MORIAC,MOUNT MORIAC
,0,0,MOUNT NAPIER,MOUNT NAPIER
,0,0,MOUNT PLEASANT,MOUNT PLEASANT
,0,0,MOUNT PROSPECT,MOUNT PROSPECT
,0,0,MOUNT RICHMOND,MOUNT RICHMOND
,0,0,MOUNT ROWAN,MOUNT ROWAN
,0,0,MOUNT SABINE,MOUNT SABINE
,0,0,MOUNT TASSIE,MOUNT TASSIE
,0,0,MOUNT TAYLOR,MOUNT TAYLOR
,0,0,MOUNT TOOLEBEWONG,MOUNT TOOLEBEWONG
,0,0,MOUNT WALLACE,MOUNT WALLACE
32.0,1,1,MOUNT WAVERLEY,MOUNT WAVERLEY
,0,0,MOUNTAIN BAY,MOUNTAIN BAY
,0,0,MOUNTAIN VIEW,MOUNTAIN VIEW
,0,0,MOUTAJUP,MOUTAJUP
,0,0,MOYARRA,MOYARRA
,0,0,MOYHU,MOYHU
,0,0,MOYREISK,MOYREISK
,0,0,MOYSTON,MOYSTON
,0,0,MUCKATAH,MUCKATAH
,0,0,MUCKLEFORD,MUCKLEFORD
,0,0,MUCKLEFORD SOUTH,MUCKLEFORD SOUTH
,0,0,MUDGEGONGA,MUDGEGONGA
33.0,1,1,MULGRAVE,MULGRAVE
,0,0,MUMBANNAR,MUMBANNAR
,0,0,MUNDOONA,MUNDOONA
,0,0,MUNRO,MUNRO
,0,0,MUNTHAM,MUNTHAM
,0,0,MURCHISON,MURCHISON
,0,0,MURCHISON EAST,MURCHISON EAST
,0,0,MURCHISON NORTH,MURCHISON NORTH
,0,0,MURGHEBOLUC,MURGHEBOLUC
,0,0,MURMUNGEE,MURMUNGEE
,0,0,MURNUNGIN,MURNUNGIN
,0,0,MURPHYS CREEK,MURPHYS CREEK
,0,0,MURRA WARRA,MURRA WARRA
,0,0,MURRABIT,MURRABIT
,0,0,MURRABIT WEST,MURRABIT WEST
,0,0,MURRAWEE,MURRAWEE
,0,0,MURRAY-SUNSET,MURRAY-SUNSET
,0,0,MURRAYDALE,MURRAYDALE
28.0,1,1,MURRAYVILLE,MURRAYVILLE
,0,0,MURRINDAL,MURRINDAL
,0,0,MURRINDINDI,MURRINDINDI
,0,0,MURROON,MURROON
,0,0,MURRUMBEENA,MURRUMBEENA
,0,0,MURTOA,MURTOA
,0,0,MUSK,MUSK
,0,0,MUSK VALE,MUSK VALE
,0,0,MUSKERRY,MUSKERRY
,0,0,MYALL,MYALL
,0,0,MYALL,MYALL
,0,0,MYAMYN,MYAMYN
,0,0,MYERS FLAT,MYERS FLAT
,0,0,MYOLA,MYOLA
,0,0,MYRNIONG,MYRNIONG
,0,0,MYRRHEE,MYRRHEE
,0,0,MYRTLE CREEK,MYRTLE CREEK
,0,0,MYRTLEBANK,MYRTLEBANK
24.0,1,1,MYRTLEFORD,MYRTLEFORD
,0,0,MYSIA,MYSIA
,0,0,MYSTIC PARK,MYSTIC PARK
,0,0,MYWEE,MYWEE
,0,0,NAGAMBIE,NAGAMBIE
,0,0,NALANGIL,NALANGIL
,0,0,NALINGA,NALINGA
,0,0,NAMBROK,NAMBROK
,0,0,NANDALY,NANDALY
,0,0,NANGANA,NANGANA
,0,0,NANGEELA,NANGEELA
,0,0,NANGILOC,NANGILOC
,0,0,NANNEELLA,NANNEELLA
,0,0,NAP NAP MARRA,NAP NAP MARRA
,0,0,NAPOLEONS,NAPOLEONS
,0,0,NAR NAR GOON,NAR NAR GOON
,0,0,NAR NAR GOON NORTH,NAR NAR GOON NORTH
,0,0,NARBETHONG,NARBETHONG
,0,0,NAREEB,NAREEB
,0,0,NAREEN,NAREEN
,0,0,NAREEWILLOCK,NAREEWILLOCK
,0,0,NARIEL VALLEY,NARIEL VALLEY
,0,0,NARING,NARING
,0,0,NARINGAL,NARINGAL
,0,0,NARINGAL EAST,NARINGAL EAST
,0,0,NAROGHID,NAROGHID
,0,0,NARRACAN,NARRACAN
,0,0,NARRAPORT,NARRAPORT
,0,0,NARRAPUMELAP SOUTH,NARRAPUMELAP SOUTH
,0,0,NARRAWONG,NARRAWONG
,0,0,NARRE WARREN,NARRE WARREN
,0,0,NARRE WARREN EAST,NARRE WARREN EAST
,0,0,NARRE WARREN NORTH,NARRE WARREN NORTH
27.0,1,1,NARRE WARREN SOUTH,NARRE WARREN SOUTH
,0,0,NARRUNG,NARRUNG
20.0,1,1,NATHALIA,NATHALIA
,0,0,NATIMUK,NATIMUK
,0,0,NATTE YALLOCK,NATTE YALLOCK
,0,0,NATYA,NATYA
,0,0,NAVARRE,NAVARRE
,0,0,NAVIGATORS,NAVIGATORS
,0,0,NAYOOK,NAYOOK
,0,0,NEDS CORNER,NEDS CORNER
,0,0,NEEREMAN,NEEREMAN
,0,0,NEERIM,NEERIM
,0,0,NEERIM EAST,NEERIM EAST
,0,0,NEERIM JUNCTION,NEERIM JUNCTION
,0,0,NEERIM NORTH,NEERIM NORTH
,0,0,NEERIM SOUTH,NEERIM SOUTH
,0,0,NEILBOROUGH,NEILBOROUGH
,0,0,NELSE,NELSE
,0,0,NELSON,NELSON
,0,0,NERRENA,NERRENA
,0,0,NERRIN NERRIN,NERRIN NERRIN
,0,0,NERRINA,NERRINA
,0,0,NERRING,NERRING
,0,0,NETHERBY,NETHERBY
,0,0,NEUARPURR,NEUARPURR
,0,0,NEW GISBORNE,NEW GISBORNE
26.0,1,1,NEWBOROUGH,NEWBOROUGH
,0,0,NEWBRIDGE,NEWBRIDGE
,0,0,NEWBURY,NEWBURY
25.0,1,1,NEWCOMB,NEWCOMB
,0,0,NEWFIELD,NEWFIELD
,0,0,NEWHAM,NEWHAM
,0,0,NEWHAVEN,NEWHAVEN
,0,0,NEWINGTON,NEWINGTON
,0,0,NEWLANDS ARM,NEWLANDS ARM
,0,0,NEWLYN,NEWLYN
,0,0,NEWLYN NORTH,NEWLYN NORTH
,0,0,NEWMERELLA,NEWMERELLA
,0,0,NEWPORT,NEWPORT
,0,0,NEWRY,NEWRY
,0,0,NEWSTEAD,NEWSTEAD
30.0,2,2,NEWTOWN,NEWTOWN
30.0,2,2,NEWTOWN,NEWTOWN
23.0,1,1,NHILL,NHILL
,0,0,NICHOLS POINT,NICHOLS POINT
,0,0,NICHOLSON,NICHOLSON
29.0,1,1,NIDDRIE,NIDDRIE
,0,0,NILMA,NILMA
,0,0,NILMA NORTH,NILMA NORTH
,0,0,NINDA,NINDA
,0,0,NINE MILE,NINE MILE
,0,0,NINTINGBOOL,NINTINGBOOL
,0,0,NINYEUNOOK,NINYEUNOOK
,0,0,NIRRANDA,NIRRANDA
,0,0,NIRRANDA EAST,NIRRANDA EAST
,0,0,NIRRANDA SOUTH,NIRRANDA SOUTH
26.0,2,2,NOBLE PARK,NOBLE PARK
28.0,1,1,NOBLE PARK NORTH,NOBLE PARK NORTH
,0,0,NOOJEE,NOOJEE
,0,0,NOORAT,NOORAT
,0,0,NOORAT EAST,NOORAT EAST
,0,0,NOORINBEE,NOORINBEE
,0,0,NOORINBEE NORTH,NOORINBEE NORTH
,0,0,NORADJUHA,NORADJUHA
,0,0,NORLANE,NORLANE
,0,0,NORMANVILLE,NORMANVILLE
,0,0,NORONG,NORONG
,0,0,NORTH BENDIGO,NORTH BENDIGO
,0,0,NORTH BLACKWOOD,NORTH BLACKWOOD
,0,0,NORTH GEELONG,NORTH GEELONG
31.0,1,1,NORTH MELBOURNE,NORTH MELBOURNE
,0,0,NORTH SHORE,NORTH SHORE
,0,0,NORTH WANGARATTA,NORTH WANGARATTA
,0,0,NORTH WARRANDYTE,NORTH WARRANDYTE
,0,0,NORTH WONTHAGGI,NORTH WONTHAGGI
30.0,1,1,NORTHCOTE,NORTHCOTE
,0,0,NORTHWOOD,NORTHWOOD
,0,0,NORVAL,NORVAL
,0,0,NOTTING HILL,NOTTING HILL
,0,0,NOWA NOWA,NOWA NOWA
,0,0,NOWHERE CREEK,NOWHERE CREEK
,0,0,NOWIE,NOWIE
,0,0,NUG NUG,NUG NUG
,0,0,NUGGETTY,NUGGETTY
,0,0,NULLA VALE,NULLA VALE
,0,0,NULLAWARRE,NULLAWARRE
,0,0,NULLAWARRE NORTH,NULLAWARRE NORTH
,0,0,NULLAWIL,NULLAWIL
24.0,1,1,NUMURKAH,NUMURKAH
,0,0,NUNAWADING,NUNAWADING
,0,0,NUNGURNER,NUNGURNER
,0,0,NUNNIONG,NUNNIONG
,0,0,NURCOUNG,NURCOUNG
,0,0,NURRABIEL,NURRABIEL
,0,0,NURRAN,NURRAN
,0,0,NUTFIELD,NUTFIELD
,0,0,NYAH,NYAH
,0,0,NYAH WEST,NYAH WEST
,0,0,NYARRIN,NYARRIN
,0,0,NYERIMILANG,NYERIMILANG
,0,0,NYORA,NYORA
,0,0,NYRRABY,NYRRABY
,0,0,OAK PARK,OAK PARK
,0,0,OAKLANDS JUNCTION,OAKLANDS JUNCTION
31.0,1,1,OAKLEIGH,OAKLEIGH
,0,0,OAKLEIGH EAST,OAKLEIGH EAST
,0,0,OAKLEIGH SOUTH,OAKLEIGH SOUTH
,0,0,OAKVALE,OAKVALE
,0,0,OCEAN GRANGE,OCEAN GRANGE
,0,0,OCEAN GROVE,OCEAN GROVE
28.0,1,1,OFFICER,OFFICER
,0,0,OFFICER SOUTH,OFFICER SOUTH
,0,0,OLD TALLANGATTA,OLD TALLANGATTA
,0,0,OLINDA,OLINDA
,0,0,OMBERSLEY,OMBERSLEY
,0,0,OMEO,OMEO
,0,0,OMEO VALLEY,OMEO VALLEY
,0,0,ONDIT,ONDIT
,0,0,ORBOST,ORBOST
,0,0,ORFORD,ORFORD
33.0,1,1,ORMOND,ORMOND
,0,0,ORRVALE,ORRVALE
,0,0,OSBORNES FLAT,OSBORNES FLAT
,0,0,OUTTRIM,OUTTRIM
29.0,1,1,OUYEN,OUYEN
,0,0,OVENS,OVENS
,0,0,OXLEY,OXLEY
,0,0,OXLEY FLATS,OXLEY FLATS
,0,0,OZENKADNOOK,OZENKADNOOK
,0,0,PAARATTE,PAARATTE
,0,0,PAINSWICK,PAINSWICK
30.0,2,2,PAKENHAM,PAKENHAM
,0,0,PAKENHAM SOUTH,PAKENHAM SOUTH
,0,0,PAKENHAM UPPER,PAKENHAM UPPER
,0,0,PANITYA,PANITYA
,0,0,PANMURE,PANMURE
,0,0,PANTON HILL,PANTON HILL
,0,0,PARADISE,PARADISE
,0,0,PARADISE BEACH,PARADISE BEACH
,0,0,PARAPARAP,PARAPARAP
,0,0,PARK ORCHARDS,PARK ORCHARDS
,0,0,PARKDALE,PARKDALE
31.0,1,1,PARKVILLE,PARKVILLE
,0,0,PARWAN,PARWAN
,0,0,PASCHENDALE,PASCHENDALE
,0,0,PASCOE VALE,PASCOE VALE
26.0,1,1,PASCOE VALE SOUTH,PASCOE VALE SOUTH
,0,0,PASTORIA,PASTORIA
,0,0,PASTORIA EAST,PASTORIA EAST
,0,0,PATCHEWOLLOCK,PATCHEWOLLOCK
,0,0,PATHO,PATHO
,0,0,PATTERSON LAKES,PATTERSON LAKES
,0,0,PATYAH,PATYAH
,0,0,PAYNESVILLE,PAYNESVILLE
,0,0,PEARCEDALE,PEARCEDALE
,0,0,PEARSONDALE,PEARSONDALE
,0,0,PEECHELBA,PEECHELBA
,0,0,PEECHELBA EAST,PEECHELBA EAST
,0,0,PELLUEBLA,PELLUEBLA
,0,0,PENNYROYAL,PENNYROYAL
,0,0,PENSHURST,PENSHURST
,0,0,PENTAL ISLAND,PENTAL ISLAND
,0,0,PENTLAND HILLS,PENTLAND HILLS
,0,0,PERCYDALE,PERCYDALE
,0,0,PERONNE,PERONNE
,0,0,PERRY BRIDGE,PERRY BRIDGE
,0,0,PETERBOROUGH,PETERBOROUGH
,0,0,PETTICOAT CREEK,PETTICOAT CREEK
,0,0,PHEASANT CREEK,PHEASANT CREEK
,0,0,PIANGIL,PIANGIL
,0,0,PICOLA,PICOLA
,0,0,PICOLA WEST,PICOLA WEST
,0,0,PIEDMONT,PIEDMONT
,0,0,PIER MILAN,PIER MILAN
,0,0,PIGEON PONDS,PIGEON PONDS
,0,0,PIGGOREET,PIGGOREET
,0,0,PIMPINIO,PIMPINIO
,0,0,PINE GROVE,PINE GROVE
,0,0,PINE LODGE,PINE LODGE
,0,0,PINE MOUNTAIN,PINE MOUNTAIN
,0,0,PINE VIEW,PINE VIEW
,0,0,PIONEER BAY,PIONEER BAY
,0,0,PIPERS CREEK,PIPERS CREEK
,0,0,PIRA,PIRA
,0,0,PIRIES,PIRIES
,0,0,PIRRON YALLOCK,PIRRON YALLOCK
,0,0,PITFIELD,PITFIELD
,0,0,PITTONG,PITTONG
,0,0,PLENTY,PLENTY
,0,0,PLUMPTON,PLUMPTON
,0,0,POINT COOK,POINT COOK
,0,0,POINT LEO,POINT LEO
,0,0,POINT LONSDALE,POINT LONSDALE
,0,0,POINT WILSON,POINT WILSON
,0,0,POLISBET,POLISBET
,0,0,POMBORNEIT,POMBORNEIT
,0,0,POMBORNEIT EAST,POMBORNEIT EAST
,0,0,POMBORNEIT NORTH,POMBORNEIT NORTH
,0,0,POMONAL,POMONAL
,0,0,POMPAPIEL,POMPAPIEL
,0,0,POOLAIJELO,POOLAIJELO
,0,0,POOTILLA,POOTILLA
,0,0,POOWONG,POOWONG
,0,0,POOWONG EAST,POOWONG EAST
,0,0,POOWONG NORTH,POOWONG NORTH
,0,0,PORCUPINE RIDGE,PORCUPINE RIDGE
,0,0,POREPUNKAH,POREPUNKAH
,0,0,PORT ALBERT,PORT ALBERT
,0,0,PORT CAMPBELL,PORT CAMPBELL
,0,0,PORT FAIRY,PORT FAIRY
,0,0,PORT FRANKLIN,PORT FRANKLIN
,0,0,PORT MELBOURNE,PORT MELBOURNE
,0,0,PORT WELSHPOOL,PORT WELSHPOOL
,0,0,PORTARLINGTON,PORTARLINGTON
27.0,1,1,PORTLAND,PORTLAND
,0,0,PORTLAND NORTH,PORTLAND NORTH
,0,0,PORTLAND WEST,PORTLAND WEST
,0,0,PORTSEA,PORTSEA
,0,0,POUND CREEK,POUND CREEK
,0,0,POWELLTOWN,POWELLTOWN
,0,0,POWERS CREEK,POWERS CREEK
,0,0,POWLETT PLAINS,POWLETT PLAINS
,0,0,PRAHRAN,PRAHRAN
,0,0,PRAIRIE,PRAIRIE
,0,0,PRANJIP,PRANJIP
29.0,1,1,PRESTON,PRESTON
,0,0,PRINCES HILL,PRINCES HILL
,0,0,PRINCETOWN,PRINCETOWN
,0,0,PUCKAPUNYAL,PUCKAPUNYAL
,0,0,PURA PURA,PURA PURA
,0,0,PURDEET,PURDEET
,0,0,PURNIM,PURNIM
,0,0,PURNIM WEST,PURNIM WEST
,0,0,PYALONG,PYALONG
,0,0,PYRAMID HILL,PYRAMID HILL
,0,0,QUAMBATOOK,QUAMBATOOK
,0,0,QUANDONG,QUANDONG
,0,0,QUANTONG,QUANTONG
,0,0,QUARRY HILL,QUARRY HILL
,0,0,QUEENSCLIFF,QUEENSCLIFF
,0,0,QUEENSFERRY,QUEENSFERRY
,0,0,RAGLAN,RAGLAN
24.0,1,1,RAINBOW,RAINBOW
,0,0,RANCEBY,RANCEBY
,0,0,RATHSCAR,RATHSCAR
,0,0,RATHSCAR WEST,RATHSCAR WEST
,0,0,RAVENHALL,RAVENHALL
,0,0,RAVENSWOOD,RAVENSWOOD
,0,0,RAVENSWOOD SOUTH,RAVENSWOOD SOUTH
,0,0,RAWSON,RAWSON
,0,0,RAYMOND ISLAND,RAYMOND ISLAND
,0,0,RAYWOOD,RAYWOOD
23.0,1,1,RED CLIFFS,RED CLIFFS
,0,0,RED HILL,RED HILL
,0,0,RED HILL SOUTH,RED HILL SOUTH
,0,0,RED LION,RED LION
,0,0,REDAN,REDAN
,0,0,REDBANK,REDBANK
,0,0,REDCASTLE,REDCASTLE
,0,0,REDESDALE,REDESDALE
,0,0,REEDY CREEK,REEDY CREEK
,0,0,REEDY DAM,REEDY DAM
,0,0,REEDY FLAT,REEDY FLAT
,0,0,REEDY LAKE,REEDY LAKE
,0,0,REEFTON,REEFTON
31.0,1,1,RESEARCH,RESEARCH
28.0,1,1,RESERVOIR,RESERVOIR
,0,0,REYNARD,REYNARD
,0,0,RHEOLA,RHEOLA
30.0,1,1,RHYLL,RHYLL
,0,0,RHYMNEY,RHYMNEY
,0,0,RIACHELLA,RIACHELLA
,0,0,RICH AVON,RICH AVON
,0,0,RICH AVON EAST,RICH AVON EAST
,0,0,RICH AVON WEST,RICH AVON WEST
28.0,1,1,RICHMOND,RICHMOND
,0,0,RICHMOND PLAINS,RICHMOND PLAINS
,0,0,RIDDELLS CREEK,RIDDELLS CREEK
,0,0,RIGGS CREEK,RIGGS CREEK
29.5,2,2,RINGWOOD,RINGWOOD
34.0,1,1,RINGWOOD EAST,RINGWOOD EAST
,0,0,RINGWOOD NORTH,RINGWOOD NORTH
,0,0,RIPPLEBROOK,RIPPLEBROOK
,0,0,RIPPLESIDE,RIPPLESIDE
,0,0,RIPPONLEA,RIPPONLEA
,0,0,RIVERSIDE,RIVERSIDE
,0,0,RIVERSLEA,RIVERSLEA
,0,0,ROBERTSONS BEACH,ROBERTSONS BEACH
23.0,1,1,ROBINVALE,ROBINVALE
27.0,1,1,ROCHESTER,ROCHESTER
,0,0,ROCHFORD,ROCHFORD
,0,0,ROCKBANK,ROCKBANK
,0,0,ROCKLANDS,ROCKLANDS
,0,0,ROCKLYN,ROCKLYN
,0,0,ROCKY POINT,ROCKY POINT
,0,0,ROKEBY,ROKEBY
,0,0,ROKEWOOD,ROKEWOOD
,0,0,ROKEWOOD JUNCTION,ROKEWOOD JUNCTION
,0,0,ROMSEY,ROMSEY
,0,0,ROSANNA,ROSANNA
,0,0,ROSE RIVER,ROSE RIVER
,0,0,ROSEBERY,ROSEBERY
,0,0,ROSEBROOK,ROSEBROOK
27.0,1,1,ROSEBUD,ROSEBUD
,0,0,ROSEDALE,ROSEDALE
,0,0,ROSES GAP,ROSES GAP
,0,0,ROSEWHITE,ROSEWHITE
,0,0,ROSLYNMEAD,ROSLYNMEAD
,0,0,ROSS CREEK,ROSS CREEK
,0,0,ROSSBRIDGE,ROSSBRIDGE
,0,0,ROSTRON,ROSTRON
,0,0,ROWSLEY,ROWSLEY
25.0,1,1,ROWVILLE,ROWVILLE
23.0,1,1,ROXBURGH PARK,ROXBURGH PARK
,0,0,RUBICON,RUBICON
,0,0,RUBY,RUBY
,0,0,RUFFY,RUFFY
,0,0,RUNNING CREEK,RUNNING CREEK
,0,0,RUNNYMEDE,RUNNYMEDE
,0,0,RUPANYUP,RUPANYUP
,0,0,RUSHWORTH,RUSHWORTH
,0,0,RUSSELLS BRIDGE,RUSSELLS BRIDGE
21.0,1,1,RUTHERGLEN,RUTHERGLEN
,0,0,RYANS,RYANS
,0,0,RYANSTON,RYANSTON
,0,0,RYE,RYE
,0,0,RYTHDALE,RYTHDALE
,0,0,SAFETY BEACH,SAFETY BEACH
,0,0,SAILORS FALLS,SAILORS FALLS
,0,0,SAILORS GULLY,SAILORS GULLY
,0,0,SAILORS HILL,SAILORS HILL
30.0,2,2,SALE,SALE
,0,0,SALISBURY WEST,SALISBURY WEST
,0,0,SAMARIA,SAMARIA
,0,0,SAN REMO,SAN REMO
,0,0,SANDFORD,SANDFORD
,0,0,SANDHILL LAKE,SANDHILL LAKE
,0,0,SANDHURST,SANDHURST
,0,0,SANDON,SANDON
31.0,1,1,SANDRINGHAM,SANDRINGHAM
,0,0,SANDY CREEK,SANDY CREEK
,0,0,SANDY POINT,SANDY POINT
,0,0,SARGOOD,SARGOOD
,0,0,SARSFIELD,SARSFIELD
26.0,1,1,SASSAFRAS,SASSAFRAS
,0,0,SAWMILL SETTLEMENT,SAWMILL SETTLEMENT
,0,0,SCARSDALE,SCARSDALE
28.0,1,1,SCORESBY,SCORESBY
,0,0,SCOTCHMANS LEAD,SCOTCHMANS LEAD
,0,0,SCOTSBURN,SCOTSBURN
,0,0,SCOTTS CREEK,SCOTTS CREEK
28.0,1,1,SEA LAKE,SEA LAKE
,0,0,SEABROOK,SEABROOK
,0,0,SEACOMBE,SEACOMBE
,0,0,SEAFORD,SEAFORD
,0,0,SEAHOLME,SEAHOLME
,0,0,SEASPRAY,SEASPRAY
,0,0,SEATON,SEATON
,0,0,SEAVIEW,SEAVIEW
,0,0,SEBASTIAN,SEBASTIAN
25.0,1,1,SEBASTOPOL,SEBASTOPOL
,0,0,SEDDON,SEDDON
,0,0,SEDGWICK,SEDGWICK
,0,0,SELBY,SELBY
,0,0,SELWYN,SELWYN
,0,0,SEPARATION CREEK,SEPARATION CREEK
,0,0,SERPENTINE,SERPENTINE
,0,0,SERVICETON,SERVICETON
,0,0,SEVILLE,SEVILLE
,0,0,SEVILLE EAST,SEVILLE EAST
36.0,1,1,SEYMOUR,SEYMOUR
,0,0,SHADY CREEK,SHADY CREEK
,0,0,SHANNONVALE,SHANNONVALE
,0,0,SHAYS FLAT,SHAYS FLAT
,0,0,SHE OAKS,SHE OAKS
,0,0,SHEANS CREEK,SHEANS CREEK
,0,0,SHEEP HILLS,SHEEP HILLS
,0,0,SHELBOURNE,SHELBOURNE
,0,0,SHELFORD,SHELFORD
,0,0,SHELLEY,SHELLEY
,0,0,SHEPHERDS FLAT,SHEPHERDS FLAT
28.0,1,1,SHEPPARTON,SHEPPARTON
,0,0,SHEPPARTON EAST,SHEPPARTON EAST
,0,0,SHEPPARTON NORTH,SHEPPARTON NORTH
,0,0,SHERBROOKE,SHERBROOKE
,0,0,SHOREHAM,SHOREHAM
,0,0,SIDONIA,SIDONIA
,0,0,SILVAN,SILVAN
,0,0,SILVERLEAVES,SILVERLEAVES
,0,0,SIMPSON,SIMPSON
,0,0,SIMPSONS CREEK,SIMPSONS CREEK
,0,0,SIMSON,SIMSON
,0,0,SKENES CREEK,SKENES CREEK
,0,0,SKENES CREEK NORTH,SKENES CREEK NORTH
,0,0,SKIBO,SKIBO
,0,0,SKINNERS FLAT,SKINNERS FLAT
,0,0,SKIPTON,SKIPTON
,0,0,SKYE,SKYE
,0,0,SLATY CREEK,SLATY CREEK
,0,0,SMEATON,SMEATON
,0,0,SMITHS BEACH,SMITHS BEACH
,0,0,SMITHS GULLY,SMITHS GULLY
,0,0,SMOKEYTOWN,SMOKEYTOWN
,0,0,SMOKO,SMOKO
,0,0,SMYTHES CREEK,SMYTHES CREEK
,0,0,SMYTHESDALE,SMYTHESDALE
,0,0,SNAKE ISLAND,SNAKE ISLAND
,0,0,SNAKE VALLEY,SNAKE VALLEY
,0,0,SOLDIERS HILL,SOLDIERS HILL
,0,0,SOMERS,SOMERS
,0,0,SOMERTON,SOMERTON
28.0,1,1,SOMERVILLE,SOMERVILLE
,0,0,SORRENTO,SORRENTO
,0,0,SOUTH DUDLEY,SOUTH DUDLEY
,0,0,SOUTH GEELONG,SOUTH GEELONG
,0,0,SOUTH KINGSVILLE,SOUTH KINGSVILLE
,0,0,SOUTH MELBOURNE,SOUTH MELBOURNE
30.0,1,1,SOUTH MORANG,SOUTH MORANG
,0,0,SOUTH PURRUMBETE,SOUTH PURRUMBETE
,0,0,SOUTH WHARF,SOUTH WHARF
36.0,1,1,SOUTH YARRA,SOUTH YARRA
,0,0,SOUTHBANK,SOUTHBANK
,0,0,SOUTHERN CROSS,SOUTHERN CROSS
,0,0,SPARGO CREEK,SPARGO CREEK
,0,0,SPEED,SPEED
,0,0,SPEEWA,SPEEWA
,0,0,SPOTSWOOD,SPOTSWOOD
,0,0,SPRING GULLY,SPRING GULLY
,0,0,SPRING HILL,SPRING HILL
,0,0,SPRINGBANK,SPRINGBANK
,0,0,SPRINGDALLAH,SPRINGDALLAH
,0,0,SPRINGFIELD,SPRINGFIELD
,0,0,SPRINGFIELD,SPRINGFIELD
,0,0,SPRINGHURST,SPRINGHURST
,0,0,SPRINGMOUNT,SPRINGMOUNT
28.0,3,3,SPRINGVALE,SPRINGVALE
,0,0,SPRINGVALE SOUTH,SPRINGVALE SOUTH
31.0,1,1,ST ALBANS,ST ALBANS
,0,0,ST ALBANS PARK,ST ALBANS PARK
,0,0,ST ANDREWS,ST ANDREWS
,0,0,ST ANDREWS BEACH,ST ANDREWS BEACH
26.0,1,1,ST ARNAUD,ST ARNAUD
,0,0,ST ARNAUD EAST,ST ARNAUD EAST
,0,0,ST ARNAUD NORTH,ST ARNAUD NORTH
,0,0,ST CLAIR,ST CLAIR
,0,0,ST GERMAINS,ST GERMAINS
,0,0,ST HELENA,ST HELENA
,0,0,ST HELENS,ST HELENS
,0,0,ST HELENS PLAINS,ST HELENS PLAINS
,0,0,ST JAMES,ST JAMES
33.0,1,1,ST KILDA,ST KILDA
34.8,4,4,ST KILDA EAST,ST KILDA EAST
,0,0,ST KILDA WEST,ST KILDA WEST
,0,0,ST LEONARDS,ST LEONARDS
,0,0,STACEYS BRIDGE,STACEYS BRIDGE
,0,0,STAFFORDSHIRE REEF,STAFFORDSHIRE REEF
,0,0,STAGHORN FLAT,STAGHORN FLAT
,0,0,STANHOPE,STANHOPE
,0,0,STANHOPE SOUTH,STANHOPE SOUTH
,0,0,STANLEY,STANLEY
,0,0,STAUGHTON VALE,STAUGHTON VALE
,0,0,STAVELY,STAVELY
23.0,1,1,STAWELL,STAWELL
,0,0,STEELS CREEK,STEELS CREEK
,0,0,STEIGLITZ,STEIGLITZ
,0,0,STEWARTON,STEWARTON
,0,0,STIRLING,STIRLING
,0,0,STOCKDALE,STOCKDALE
,0,0,STOCKYARD HILL,STOCKYARD HILL
,0,0,STONEHAVEN,STONEHAVEN
,0,0,STONELEIGH,STONELEIGH
,0,0,STONY CREEK,STONY CREEK
,0,0,STONY CREEK,STONY CREEK
,0,0,STONYFORD,STONYFORD
,0,0,STRADBROKE,STRADBROKE
,0,0,STRANGWAYS,STRANGWAYS
,0,0,STRATEN,STRATEN
,0,0,STRATFORD,STRATFORD
,0,0,STRATH CREEK,STRATH CREEK
,0,0,STRATHALLAN,STRATHALLAN
,0,0,STRATHBOGIE,STRATHBOGIE
29.0,1,1,STRATHDALE,STRATHDALE
,0,0,STRATHDOWNIE,STRATHDOWNIE
,0,0,STRATHEWEN,STRATHEWEN
,0,0,STRATHFIELDSAYE,STRATHFIELDSAYE
,0,0,STRATHKELLAR,STRATHKELLAR
,0,0,STRATHLEA,STRATHLEA
,0,0,STRATHMERTON,STRATHMERTON
30.0,1,1,STRATHMORE,STRATHMORE
,0,0,STRATHMORE HEIGHTS,STRATHMORE HEIGHTS
,0,0,STRATHTULLOH,STRATHTULLOH
,0,0,STREATHAM,STREATHAM
,0,0,STRZELECKI,STRZELECKI
,0,0,STUART MILL,STUART MILL
,0,0,SUGARLOAF,SUGARLOAF
,0,0,SUGARLOAF CREEK,SUGARLOAF CREEK
,0,0,SUGGAN BUGGAN,SUGGAN BUGGAN
,0,0,SULKY,SULKY
,0,0,SUMMERLANDS,SUMMERLANDS
27.0,1,1,SUNBURY,SUNBURY
,0,0,SUNDAY CREEK,SUNDAY CREEK
,0,0,SUNDERLAND BAY,SUNDERLAND BAY
,0,0,SUNSET STRIP,SUNSET STRIP
,0,0,SUNSHINE,SUNSHINE
,0,0,SUNSHINE NORTH,SUNSHINE NORTH
26.0,1,1,SUNSHINE WEST,SUNSHINE WEST
,0,0,SURF BEACH,SURF BEACH
,0,0,SURREY HILLS,SURREY HILLS
,0,0,SUTHERLAND,SUTHERLAND
,0,0,SUTHERLANDS CREEK,SUTHERLANDS CREEK
,0,0,SUTTON,SUTTON
,0,0,SUTTON GRANGE,SUTTON GRANGE
,0,0,SWAN BAY,SWAN BAY
29.0,1,1,SWAN HILL,SWAN HILL
,0,0,SWAN HILL WEST,SWAN HILL WEST
,0,0,SWAN ISLAND,SWAN ISLAND
,0,0,SWAN MARSH,SWAN MARSH
,0,0,SWAN REACH,SWAN REACH
,0,0,SWANPOOL,SWANPOOL
,0,0,SWANWATER,SWANWATER
,0,0,SWANWATER WEST,SWANWATER WEST
29.0,1,1,SWIFTS CREEK,SWIFTS CREEK
,0,0,SYDENHAM,SYDENHAM
,0,0,SYLVATERRE,SYLVATERRE
,0,0,TABBERABBERA,TABBERABBERA
,0,0,TABILK,TABILK
,0,0,TABOR,TABOR
,0,0,TAGGERTY,TAGGERTY
,0,0,TAHARA,TAHARA
,0,0,TAHARA BRIDGE,TAHARA BRIDGE
,0,0,TAHARA WEST,TAHARA WEST
,0,0,TALBOT,TALBOT
,0,0,TALGARNO,TALGARNO
,0,0,TALLANDOON,TALLANDOON
27.0,1,1,TALLANGATTA,TALLANGATTA
,0,0,TALLANGATTA EAST,TALLANGATTA EAST
,0,0,TALLANGATTA SOUTH,TALLANGATTA SOUTH
,0,0,TALLANGATTA VALLEY,TALLANGATTA VALLEY
,0,0,TALLAROOK,TALLAROOK
,0,0,TALLYGAROOPNA,TALLYGAROOPNA
,0,0,TAMBO CROSSING,TAMBO CROSSING
,0,0,TAMBO UPPER,TAMBO UPPER
,0,0,TAMBOON,TAMBOON
,0,0,TAMBORITHA,TAMBORITHA
,0,0,TAMINICK,TAMINICK
,0,0,TAMLEUGH,TAMLEUGH
,0,0,TAMLEUGH NORTH,TAMLEUGH NORTH
,0,0,TANDAROOK,TANDAROOK
,0,0,TANDARRA,TANDARRA
,0,0,TANGAMBALANGA,TANGAMBALANGA
,0,0,TANJIL,TANJIL
,0,0,TANJIL BREN,TANJIL BREN
,0,0,TANJIL SOUTH,TANJIL SOUTH
,0,0,TANTARABOO,TANTARABOO
,0,0,TANWOOD,TANWOOD
,0,0,TANYBRYN,TANYBRYN
,0,0,TARADALE,TARADALE
,0,0,TARCOMBE,TARCOMBE
,0,0,TARILTA,TARILTA
,0,0,TARNAGULLA,TARNAGULLA
29.3,3,3,TARNEIT,TARNEIT
,0,0,TARNOOK,TARNOOK
,0,0,TAROON,TAROON
,0,0,TARRA VALLEY,TARRA VALLEY
,0,0,TARRANYURK,TARRANYURK
,0,0,TARRAVILLE,TARRAVILLE
,0,0,TARRAWARRA,TARRAWARRA
,0,0,TARRAWINGEE,TARRAWINGEE
,0,0,TARRAYOUKYAN,TARRAYOUKYAN
,0,0,TARRENGOWER,TARRENGOWER
,0,0,TARRENLEA,TARRENLEA
,0,0,TARRINGTON,TARRINGTON
,0,0,TARRONE,TARRONE
,0,0,TARWIN,TARWIN
,0,0,TARWIN LOWER,TARWIN LOWER
,0,0,TATONG,TATONG
,0,0,TATURA,TATURA
,0,0,TATURA EAST,TATURA EAST
,0,0,TATYOON,TATYOON
,0,0,TAWONGA,TAWONGA
,0,0,TAWONGA SOUTH,TAWONGA SOUTH
,0,0,TAYLOR BAY,TAYLOR BAY
26.5,2,2,TAYLORS HILL,TAYLORS HILL
,0,0,TAYLORS LAKES,TAYLORS LAKES
,0,0,TEAL POINT,TEAL POINT
,0,0,TECOMA,TECOMA
,0,0,TEDDYWADDY,TEDDYWADDY
,0,0,TEDDYWADDY WEST,TEDDYWADDY WEST
,0,0,TEESDALE,TEESDALE
,0,0,TELANGATUK EAST,TELANGATUK EAST
,0,0,TELFORD,TELFORD
,0,0,TELOPEA DOWNS,TELOPEA DOWNS
,0,0,TEMPLESTOWE,TEMPLESTOWE
28.0,1,1,TEMPLESTOWE LOWER,TEMPLESTOWE LOWER
,0,0,TEMPY,TEMPY
,0,0,TENBY POINT,TENBY POINT
,0,0,TENNYSON,TENNYSON
,0,0,TERANG,TERANG
,0,0,TERIP TERIP,TERIP TERIP
,0,0,TERRAPPEE,TERRAPPEE
,0,0,TERRICK TERRICK,TERRICK TERRICK
,0,0,TERRICK TERRICK EAST,TERRICK TERRICK EAST
,0,0,TESBURY,TESBURY
,0,0,TETOORA ROAD,TETOORA ROAD
,0,0,THALIA,THALIA
,0,0,THALLOO,THALLOO
,0,0,THE BASIN,THE BASIN
,0,0,THE COVE,THE COVE
,0,0,THE GURDIES,THE GURDIES
,0,0,THE HEART,THE HEART
,0,0,THE HONEYSUCKLES,THE HONEYSUCKLES
,0,0,THE PATCH,THE PATCH
,0,0,THE SISTERS,THE SISTERS
,0,0,THOLOGOLONG,THOLOGOLONG
24.0,1,1,THOMASTOWN,THOMASTOWN
,0,0,THOMSON,THOMSON
,0,0,THOMSON,THOMSON
,0,0,THOONA,THOONA
28.5,2,2,THORNBURY,THORNBURY
,0,0,THORNHILL PARK,THORNHILL PARK
,0,0,THORNTON,THORNTON
,0,0,THORPDALE,THORPDALE
,0,0,THORPDALE SOUTH,THORPDALE SOUTH
,0,0,THOWGLA VALLEY,THOWGLA VALLEY
,0,0,THREE BRIDGES,THREE BRIDGES
,0,0,TIDAL RIVER,TIDAL RIVER
,0,0,TIMBARRA,TIMBARRA
24.0,1,1,TIMBOON,TIMBOON
,0,0,TIMBOON WEST,TIMBOON WEST
,0,0,TIMMERING,TIMMERING
,0,0,TIMOR,TIMOR
,0,0,TIMOR WEST,TIMOR WEST
,0,0,TINAMBA,TINAMBA
,0,0,TINAMBA WEST,TINAMBA WEST
,0,0,TINTALDRA,TINTALDRA
,0,0,TITTYBONG,TITTYBONG
,0,0,TOL TOL,TOL TOL
,0,0,TOLMIE,TOLMIE
,0,0,TOM GROGGIN,TOM GROGGIN
,0,0,TONGALA,TONGALA
,0,0,TONGHI CREEK,TONGHI CREEK
,0,0,TONGIO,TONGIO
,0,0,TONIMBUK,TONIMBUK
,0,0,TOOAN,TOOAN
,0,0,TOOBORAC,TOOBORAC
,0,0,TOOLAMBA,TOOLAMBA
,0,0,TOOLAMBA WEST,TOOLAMBA WEST
,0,0,TOOLANGI,TOOLANGI
,0,0,TOOLERN VALE,TOOLERN VALE
,0,0,TOOLLEEN,TOOLLEEN
,0,0,TOOLOME,TOOLOME
,0,0,TOOLONDO,TOOLONDO
,0,0,TOOLONG,TOOLONG
,0,0,TOOMBON,TOOMBON
,0,0,TOONGABBIE,TOONGABBIE
,0,0,TOORA,TOORA
,0,0,TOORA NORTH,TOORA NORTH
,0,0,TOORADIN,TOORADIN
35.3,3,3,TOORAK,TOORAK
,0,0,TOORLOO ARM,TOORLOO ARM
,0,0,TOORONGO,TOORONGO
,0,0,TOOTGAROOK,TOOTGAROOK
,0,0,TORQUAY,TORQUAY
,0,0,TORRITA,TORRITA
,0,0,TORRUMBARRY,TORRUMBARRY
,0,0,TORWOOD,TORWOOD
,0,0,TOSTAREE,TOSTAREE
,0,0,TOTTENHAM,TOTTENHAM
,0,0,TOTTINGTON,TOTTINGTON
,0,0,TOURELLO,TOURELLO
,0,0,TOWAN,TOWAN
,0,0,TOWANINNY,TOWANINNY
,0,0,TOWANINNY SOUTH,TOWANINNY SOUTH
,0,0,TOWER HILL,TOWER HILL
,0,0,TOWONG,TOWONG
,0,0,TOWONG UPPER,TOWONG UPPER
27.0,1,1,TRAFALGAR,TRAFALGAR
,0,0,TRAFALGAR EAST,TRAFALGAR EAST
,0,0,TRAFALGAR SOUTH,TRAFALGAR SOUTH
,0,0,TRAGOWEL,TRAGOWEL
30.0,1,1,TRARALGON,TRARALGON
,0,0,TRARALGON EAST,TRARALGON EAST
,0,0,TRARALGON SOUTH,TRARALGON SOUTH
,0,0,TRAVANCORE,TRAVANCORE
,0,0,TRAWALLA,TRAWALLA
,0,0,TRAWOOL,TRAWOOL
,0,0,TRAYNORS LAGOON,TRAYNORS LAGOON
,0,0,TREMONT,TREMONT
,0,0,TRENTHAM,TRENTHAM
,0,0,TRENTHAM EAST,TRENTHAM EAST
,0,0,TRESCO,TRESCO
,0,0,TRESCO WEST,TRESCO WEST
,0,0,TRIDA,TRIDA
33.5,2,2,TRUGANINA,TRUGANINA
,0,0,TUBBUT,TUBBUT
,0,0,TUERONG,TUERONG
,0,0,TULKARA,TULKARA
,0,0,TULLAMARINE,TULLAMARINE
,0,0,TUNGAMAH,TUNGAMAH
,0,0,TUROAR,TUROAR
,0,0,TURRIFF,TURRIFF
,0,0,TURRIFF EAST,TURRIFF EAST
,0,0,TURTONS CREEK,TURTONS CREEK
,0,0,TUTYE,TUTYE
,0,0,TYAAK,TYAAK
,0,0,TYABB,TYABB
,0,0,TYENNA,TYENNA
,0,0,TYERS,TYERS
,0,0,TYLDEN,TYLDEN
,0,0,TYLDEN SOUTH,TYLDEN SOUTH
26.0,1,1,TYNONG,TYNONG
,0,0,TYNONG NORTH,TYNONG NORTH
,0,0,TYNTYNDER,TYNTYNDER
,0,0,TYNTYNDER SOUTH,TYNTYNDER SOUTH
,0,0,TYRENDARRA,TYRENDARRA
,0,0,TYRENDARRA EAST,TYRENDARRA EAST
,0,0,TYRRELL,TYRRELL
,0,0,TYRRELL DOWNS,TYRRELL DOWNS
,0,0,ULLINA,ULLINA
,0,0,ULLSWATER,ULLSWATER
,0,0,ULTIMA,ULTIMA
,0,0,ULTIMA EAST,ULTIMA EAST
,0,0,ULUPNA,ULUPNA
,0,0,UNDERA,UNDERA
,0,0,UNDERBOOL,UNDERBOOL
,0,0,UPOTIPOTPON,UPOTIPOTPON
,0,0,UPPER FERNTREE GULLY,UPPER FERNTREE GULLY
,0,0,UPPER GUNDOWRING,UPPER GUNDOWRING
,0,0,UPPER LURG,UPPER LURG
,0,0,UPPER PLENTY,UPPER PLENTY
,0,0,UPPER RYANS CREEK,UPPER RYANS CREEK
,0,0,UPTON HILL,UPTON HILL
27.0,1,1,UPWEY,UPWEY
,0,0,VALENCIA CREEK,VALENCIA CREEK
,0,0,VASEY,VASEY
,0,0,VAUGHAN,VAUGHAN
,0,0,VECTIS,VECTIS
,0,0,VENTNOR,VENTNOR
,0,0,VENUS BAY,VENUS BAY
32.0,1,1,VERMONT,VERMONT
31.0,1,1,VERMONT SOUTH,VERMONT SOUTH
,0,0,VERVALE,VERVALE
,0,0,VESPER,VESPER
,0,0,VICTORIA POINT,VICTORIA POINT
,0,0,VICTORIA VALLEY,VICTORIA VALLEY
31.0,1,1,VIEWBANK,VIEWBANK
,0,0,VINIFERA,VINIFERA
,0,0,VIOLET TOWN,VIOLET TOWN
,0,0,VITE VITE,VITE VITE
,0,0,VITE VITE NORTH,VITE VITE NORTH
,0,0,W TREE,W TREE
,0,0,WAAIA,WAAIA
,0,0,WAANYARRA,WAANYARRA
,0,0,WAARRE,WAARRE
,0,0,WABONGA,WABONGA
,0,0,WAGGARANDALL,WAGGARANDALL
,0,0,WAHGUNYAH,WAHGUNYAH
,0,0,WAHRING,WAHRING
,0,0,WAIL,WAIL
,0,0,WAIREWA,WAIREWA
,0,0,WAITCHIE,WAITCHIE
,0,0,WAL WAL,WAL WAL
,0,0,WALDARA,WALDARA
,0,0,WALHALLA,WALHALLA
,0,0,WALHALLA EAST,WALHALLA EAST
,0,0,WALKERVILLE,WALKERVILLE
,0,0,WALKERVILLE NORTH,WALKERVILLE NORTH
,0,0,WALKERVILLE SOUTH,WALKERVILLE SOUTH
,0,0,WALLACE,WALLACE
,0,0,WALLACEDALE,WALLACEDALE
,0,0,WALLAGARAUGH,WALLAGARAUGH
,0,0,WALLALOO,WALLALOO
,0,0,WALLALOO EAST,WALLALOO EAST
22.0,1,1,WALLAN,WALLAN
,0,0,WALLINDUC,WALLINDUC
,0,0,WALLINGTON,WALLINGTON
,0,0,WALLUP,WALLUP
,0,0,WALMER,WALMER
,0,0,WALPA,WALPA
,0,0,WALPEUP,WALPEUP
,0,0,WALWA,WALWA
,0,0,WANALTA,WANALTA
,0,0,WANDANA HEIGHTS,WANDANA HEIGHTS
,0,0,WANDELLA,WANDELLA
,0,0,WANDILIGONG,WANDILIGONG
,0,0,WANDIN EAST,WANDIN EAST
,0,0,WANDIN NORTH,WANDIN NORTH
,0,0,WANDO BRIDGE,WANDO BRIDGE
,0,0,WANDO VALE,WANDO VALE
,0,0,WANDONG,WANDONG
,0,0,WANDOWN,WANDOWN
,0,0,WANGANDARY,WANGANDARY
,0,0,WANGARABELL,WANGARABELL
26.0,1,1,WANGARATTA,WANGARATTA
,0,0,WANGARATTA SOUTH,WANGARATTA SOUTH
,0,0,WANGIE,WANGIE
,0,0,WANGOOM,WANGOOM
,0,0,WANNON,WANNON
29.0,1,1,WANTIRNA,WANTIRNA
33.0,4,4,WANTIRNA SOUTH,WANTIRNA SOUTH
,0,0,WARANGA,WARANGA
,0,0,WARANGA SHORES,WARANGA SHORES
,0,0,WARATAH BAY,WARATAH BAY
,0,0,WARBURTON,WARBURTON
,0,0,WAREEK,WAREEK
,0,0,WARGAN,WARGAN
,0,0,WARMUR,WARMUR
,0,0,WARNCOORT,WARNCOORT
,0,0,WARNE,WARNE
,0,0,WARNEET,WARNEET
,0,0,WARRABKOOK,WARRABKOOK
,0,0,WARRACKNABEAL,WARRACKNABEAL
24.0,1,1,WARRAGUL,WARRAGUL
,0,0,WARRAGUL SOUTH,WARRAGUL SOUTH
,0,0,WARRAGUL WEST,WARRAGUL WEST
,0,0,WARRAK,WARRAK
26.0,1,1,WARRANDYTE,WARRANDYTE
,0,0,WARRANDYTE SOUTH,WARRANDYTE SOUTH
,0,0,WARRANWOOD,WARRANWOOD
,0,0,WARRAYURE,WARRAYURE
,0,0,WARRENBAYNE,WARRENBAYNE
,0,0,WARRENHEIP,WARRENHEIP
,0,0,WARRENMANG,WARRENMANG
,0,0,WARRION,WARRION
26.0,1,1,WARRNAMBOOL,WARRNAMBOOL
,0,0,WARROCK,WARROCK
,0,0,WARRONG,WARRONG
,0,0,WARTOOK,WARTOOK
,0,0,WATCHEM,WATCHEM
,0,0,WATCHEM WEST,WATCHEM WEST
,0,0,WATCHUPGA,WATCHUPGA
,0,0,WATERFORD PARK,WATERFORD PARK
,0,0,WATERHOLES,WATERHOLES
,0,0,WATERLOO,WATERLOO
,0,0,WATERWAYS,WATERWAYS
30.0,1,1,WATSONIA,WATSONIA
,0,0,WATSONIA NORTH,WATSONIA NORTH
,0,0,WATSONS CREEK,WATSONS CREEK
,0,0,WATTLE BANK,WATTLE BANK
,0,0,WATTLE CREEK,WATTLE CREEK
,0,0,WATTLE FLAT,WATTLE FLAT
,0,0,WATTLE GLEN,WATTLE GLEN
,0,0,WATTLE HILL,WATTLE HILL
,0,0,WAUBRA,WAUBRA
,0,0,WAURN PONDS,WAURN PONDS
,0,0,WAYGARA,WAYGARA
,0,0,WEATHERBOARD,WEATHERBOARD
20.0,1,1,WEDDERBURN,WEDDERBURN
,0,0,WEDDERBURN JUNCTION,WEDDERBURN JUNCTION
,0,0,WEE WEE RUP,WEE WEE RUP
,0,0,WEEAPROINAH,WEEAPROINAH
,0,0,WEERING,WEERING
,0,0,WEERITE,WEERITE
,0,0,WEHLA,WEHLA
,0,0,WEIR VIEWS,WEIR VIEWS
,0,0,WELLSFORD,WELLSFORD
,0,0,WELSHMANS REEF,WELSHMANS REEF
,0,0,WELSHPOOL,WELSHPOOL
,0,0,WEMEN,WEMEN
32.0,1,1,WENDOUREE,WENDOUREE
,0,0,WENSLEYDALE,WENSLEYDALE
,0,0,WENTWORTH,WENTWORTH
,0,0,WERNETH,WERNETH
,0,0,WERONA,WERONA
31.0,2,2,WERRIBEE,WERRIBEE
,0,0,WERRIBEE SOUTH,WERRIBEE SOUTH
,0,0,WERRIMULL,WERRIMULL
,0,0,WESBURN,WESBURN
,0,0,WEST BENDIGO,WEST BENDIGO
,0,0,WEST CREEK,WEST CREEK
,0,0,WEST FOOTSCRAY,WEST FOOTSCRAY
30.0,1,1,WEST MELBOURNE,WEST MELBOURNE
,0,0,WEST WODONGA,WEST WODONGA
,0,0,WESTBURY,WESTBURY
,0,0,WESTBY,WESTBY
,0,0,WESTMEADOWS,WESTMEADOWS
,0,0,WESTMERE,WESTMERE
,0,0,WHANREGARWEN,WHANREGARWEN
,0,0,WHARPARILLA,WHARPARILLA
,0,0,WHEATSHEAF,WHEATSHEAF
,0,0,WHEELERS HILL,WHEELERS HILL
,0,0,WHIPSTICK,WHIPSTICK
,0,0,WHIRILY,WHIRILY
,0,0,WHITE HILLS,WHITE HILLS
,0,0,WHITEHEADS CREEK,WHITEHEADS CREEK
,0,0,WHITELAW,WHITELAW
,0,0,WHITFIELD,WHITFIELD
,0,0,WHITLANDS,WHITLANDS
,0,0,WHITTINGTON,WHITTINGTON
24.0,1,1,WHITTLESEA,WHITTLESEA
,0,0,WHOOREL,WHOOREL
,0,0,WHOROULY,WHOROULY
,0,0,WHOROULY EAST,WHOROULY EAST
,0,0,WHOROULY SOUTH,WHOROULY SOUTH
,0,0,WHROO,WHROO
,0,0,WICKLIFFE,WICKLIFFE
,0,0,WILBY,WILBY
,0,0,WILD DOG VALLEY,WILD DOG VALLEY
,0,0,WILDWOOD,WILDWOOD
,0,0,WILKUR,WILKUR
,0,0,WILLANGIE,WILLANGIE
,0,0,WILLATOOK,WILLATOOK
,0,0,WILLAURA,WILLAURA
,0,0,WILLAURA NORTH,WILLAURA NORTH
,0,0,WILLENABRINA,WILLENABRINA
,0,0,WILLIAMS LANDING,WILLIAMS LANDING
29.5,2,2,WILLIAMSTOWN,WILLIAMSTOWN
,0,0,WILLIAMSTOWN NORTH,WILLIAMSTOWN NORTH
,0,0,WILLOW GROVE,WILLOW GROVE
,0,0,WILLOWMAVIN,WILLOWMAVIN
,0,0,WILLOWVALE,WILLOWVALE
,0,0,WILLUNG,WILLUNG
,0,0,WILLUNG SOUTH,WILLUNG SOUTH
,0,0,WILSONS HILL,WILSONS HILL
,0,0,WILSONS PROMONTORY,WILSONS PROMONTORY
,0,0,WIMBLEDON HEIGHTS,WIMBLEDON HEIGHTS
,0,0,WINCHELSEA,WINCHELSEA
,0,0,WINCHELSEA SOUTH,WINCHELSEA SOUTH
,0,0,WINDERMERE,WINDERMERE
30.0,1,1,WINDSOR,WINDSOR
,0,0,WINGAN RIVER,WINGAN RIVER
,0,0,WINGEEL,WINGEEL
,0,0,WINJALLOK,WINJALLOK
,0,0,WINLATON,WINLATON
,0,0,WINNAMBOOL,WINNAMBOOL
,0,0,WINNAP,WINNAP
,0,0,WINNINDOO,WINNINDOO
,0,0,WINSLOW,WINSLOW
,0,0,WINTER VALLEY,WINTER VALLEY
,0,0,WINTON,WINTON
,0,0,WINTON NORTH,WINTON NORTH
,0,0,WIRRATE,WIRRATE
,0,0,WISELEIGH,WISELEIGH
28.0,2,2,WODONGA,WODONGA
26.0,1,1,WOLLERT,WOLLERT
,0,0,WOMBAT CREEK,WOMBAT CREEK
,0,0,WOMBELANO,WOMBELANO
,0,0,WON WRON,WON WRON
,0,0,WONGA,WONGA
,0,0,WONGA PARK,WONGA PARK
,0,0,WONGARRA,WONGARRA
,0,0,WONGUNGARRA,WONGUNGARRA
,0,0,WONNANGATTA,WONNANGATTA
28.0,1,1,WONTHAGGI,WONTHAGGI
,0,0,WONWONDAH,WONWONDAH
,0,0,WONYIP,WONYIP
,0,0,WOOD WOOD,WOOD WOOD
32.0,1,1,WOODEND,WOODEND
,0,0,WOODEND NORTH,WOODEND NORTH
,0,0,WOODFIELD,WOODFIELD
,0,0,WOODFORD,WOODFORD
,0,0,WOODGLEN,WOODGLEN
,0,0,WOODHOUSE,WOODHOUSE
,0,0,WOODLEIGH,WOODLEIGH
,0,0,WOODS POINT,WOODS POINT
,0,0,WOODSIDE,WOODSIDE
,0,0,WOODSIDE BEACH,WOODSIDE BEACH
,0,0,WOODSIDE NORTH,WOODSIDE NORTH
,0,0,WOODSTOCK,WOODSTOCK
,0,0,WOODSTOCK ON LODDON,WOODSTOCK ON LODDON
,0,0,WOODSTOCK WEST,WOODSTOCK WEST
,0,0,WOODVALE,WOODVALE
,0,0,WOOL WOOL,WOOL WOOL
,0,0,WOOLAMAI,WOOLAMAI
,0,0,WOOLENOOK,WOOLENOOK
,0,0,WOOLSHED FLAT,WOOLSHED FLAT
,0,0,WOOLSTHORPE,WOOLSTHORPE
,0,0,WOOMELANG,WOOMELANG
,0,0,WOORAGEE,WOORAGEE
,0,0,WOORARRA EAST,WOORARRA EAST
,0,0,WOORARRA WEST,WOORARRA WEST
,0,0,WOOREEN,WOOREEN
,0,0,WOORI YALLOCK,WOORI YALLOCK
,0,0,WOORINEN,WOORINEN
,0,0,WOORINEN NORTH,WOORINEN NORTH
,0,0,WOORINEN SOUTH,WOORINEN SOUTH
,0,0,WOORNDOO,WOORNDOO
,0,0,WOOROONOOK,WOOROONOOK
,0,0,WOOSANG,WOOSANG
,0,0,WOOTONG VALE,WOOTONG VALE
,0,0,WORROWING,WORROWING
,0,0,WRATHUNG,WRATHUNG
,0,0,WRIXON,WRIXON
,0,0,WROXHAM,WROXHAM
,0,0,WUK WUK,WUK WUK
,0,0,WULGULMERANG,WULGULMERANG
,0,0,WULGULMERANG EAST,WULGULMERANG EAST
,0,0,WULGULMERANG WEST,WULGULMERANG WEST
,0,0,WUNGHNU,WUNGHNU
,0,0,WURDIBOLUC,WURDIBOLUC
,0,0,WURRUK,WURRUK
,0,0,WY YUNG,WY YUNG
30.0,1,1,WYCHEPROOF,WYCHEPROOF
,0,0,WYCHEPROOF SOUTH,WYCHEPROOF SOUTH
,0,0,WYCHITELLA,WYCHITELLA
,0,0,WYCHITELLA NORTH,WYCHITELLA NORTH
,0,0,WYE RIVER,WYE RIVER
,0,0,WYELANGTA,WYELANGTA
24.0,1,1,WYNDHAM VALE,WYNDHAM VALE
,0,0,WYUNA,WYUNA
,0,0,WYUNA EAST,WYUNA EAST
,0,0,YAAPEET,YAAPEET
,0,0,YABBA NORTH,YABBA NORTH
,0,0,YABBA SOUTH,YABBA SOUTH
,0,0,YACKANDANDAH,YACKANDANDAH
,0,0,YALCA,YALCA
,0,0,YALLA-Y-POORA,YALLA-Y-POORA
,0,0,YALLAMBIE,YALLAMBIE
,0,0,YALLOURN,YALLOURN
,0,0,YALLOURN NORTH,YALLOURN NORTH
,0,0,YALMY,YALMY
,0,0,YAMBUK,YAMBUK
,0,0,YAMBUNA,YAMBUNA
,0,0,YAN YEAN,YAN YEAN
,0,0,YANAC,YANAC
,0,0,YANAKIE,YANAKIE
,0,0,YANDO,YANDO
,0,0,YANDOIT,YANDOIT
,0,0,YANDOIT HILLS,YANDOIT HILLS
,0,0,YANGERY,YANGERY
,0,0,YANGOURA,YANGOURA
,0,0,YANNATHAN,YANNATHAN
,0,0,YAPEEN,YAPEEN
,0,0,YARCK,YARCK
,0,0,YARPTURK,YARPTURK
,0,0,YARRA GLEN,YARRA GLEN
29.0,1,1,YARRA JUNCTION,YARRA JUNCTION
,0,0,YARRABERB,YARRABERB
,0,0,YARRAGON,YARRAGON
,0,0,YARRAGON SOUTH,YARRAGON SOUTH
25.0,1,1,YARRAM,YARRAM
,0,0,YARRAMBAT,YARRAMBAT
,0,0,YARRAVILLE,YARRAVILLE
,0,0,YARRAWALLA,YARRAWALLA
28.0,1,1,YARRAWONGA,YARRAWONGA
,0,0,YARRAWONGA SOUTH,YARRAWONGA SOUTH
,0,0,YARROWEYAH,YARROWEYAH
,0,0,YATCHAW,YATCHAW
,0,0,YAWONG HILLS,YAWONG HILLS
25.0,1,1,YEA,YEA
,0,0,YELLINGBO,YELLINGBO
,0,0,YELTA,YELTA
,0,0,YENDON,YENDON
,0,0,YEO,YEO
,0,0,YEODENE,YEODENE
,0,0,YERING,YERING
,0,0,YEUNGROON,YEUNGROON
,0,0,YEUNGROON EAST,YEUNGROON EAST
,0,0,YIELIMA,YIELIMA
,0,0,YINNAR,YINNAR
,0,0,YINNAR SOUTH,YINNAR SOUTH
,0,0,YORK PLAINS,YORK PLAINS
,0,0,YOUANMITE,YOUANMITE
,0,0,YOUARANG,YOUARANG
,0,0,YULECART,YULECART
,0,0,YUNDOOL,YUNDOOL
,0,0,YUROKE,YUROKE
,0,0,YUULONG,YUULONG
,0,0,ZEERUST,ZEERUST
,0,0,ZUMSTEINS,ZUMSTEINS
