School,Small School,Locality,"Number of VCE, VCE Vocational Major (VM) studies and VCE VET programs at Units 3 and 4 level with enrolments ",Number of Vocational Education and Training (VET) certificates with enrolments,Enrolment(s) in the Victorian Pathways Certificate (VPC),Enrolment(s) in the International Baccalaureate (IB) Diploma,Enrolment(s) in Northern Hemisphere Timetable (NHT) delivery at Units 3 and 4 level ​,Number of students enrolled in at least one VCE or VCE Vocational Major (VM) study or VCE VET program at Units 3 and 4 level,Number of students enrolled in a Vocational Education and Training (VET) certificate,Percentage of VCE students applying for tertiary places through the Victorian Tertiary Admissions Centre (VTAC),Percentage of satisfactory VCE completions,Number of students awarded the VCE Vocational Major (VM),Number of students awarded the VCE (Baccalaureate),Percentage of Vocational Education and Training (VET) units of competency completed,Percentage of Higher Education studies (HES) completed,Median VCE study score,Percentage of study scores of 40 and over
Balmoral K-12 Comm College,*,BALMORAL,7,5,,,,4,8,67,100,-,-,100,-,I/D,I/D
Catholic Regional College,*,ST ALBANS,2,5,,,,< 4,5,I/D,I/D,-,-,84,-,I/D,I/D
Chaffey Secondary College,*,MILDURA,1,6,,,,< 4,10,I/D,I/D,-,-,83,-,I/D,I/D
Chairo Christian School,*,LEONGATHA,4,3,,,,10,10,-,-,-,-,86,-,I/D,I/D
Derrinallum P12 College,*,DERRINALLUM,8,3,Y,,,6,5,-,100,< 4,-,95,-,I/D,I/D
Indie School Wodonga,,WODONGA,24,40,Y,,,202,1442,2,80,108,-,36,-,I/D,I/D
Lavers Hill K-12 College,*,LAVERS HILL,4,7,Y,,,4,13,-,-,-,-,83,-,I/D,I/D
Oakwood School,,CAULFIELD NORTH,20,35,Y,,,23,75,-,-,-,-,47,-,I/D,I/D
Pyramid Hill College,*,PYRAMID HILL,3,8,,,,< 4,8,I/D,I/D,-,-,79,-,I/D,I/D
South West Institute of TAFE,,WARRNAMBOOL,10,13,Y,,,23,39,-,89,16,-,67,-,I/D,I/D
Village High School,*,WONTHAGGI,17,6,,,,10,12,25,100,6,-,100,-,I/D,I/D
Werrimull P-12 College,*,WERRIMULL,1,5,,,,< 4,6,I/D,I/D,-,-,70,-,I/D,I/D
Adass Israel School,,ELSTERNWICK,8,3,,,,36,49,-,80,12,-,73,-,-,-
Adass Israel School,*,EAST ST KILDA,2,2,Y,,,19,39,-,-,-,-,39,-,-,-
Advance College of Education,*,ROSEBUD WEST,11,16,Y,,,15,29,-,77,10,-,81,-,-,-
Armstrong Creek School,*,ARMSTRONG CREEK,1,1,Y,,,6,6,-,-,-,-,-,-,-,-
Bendigo TAFE,,BENDIGO,7,13,Y,,,22,70,-,50,8,-,74,-,-,-
Bindjiroo Yaluk Community School,*,RICHMOND,12,6,,,,12,15,-,50,< 4,-,21,-,-,-
Box Hill Institute,,BOX HILL,18,20,Y,,,101,101,2,95,52,-,82,-,-,-
Catholic Regional College,*,CAROLINE SPRINGS,4,10,,,,17,50,-,-,-,-,98,-,-,-
Catholic Regional College,*,KEILOR NORTH,4,10,,,,12,27,-,-,-,-,85,-,-,-
Charles La Trobe P-12 College,,PRESTON,9,19,Y,,,42,88,18,68,15,-,47,-,-,-
Cire Community School,,LILYDALE,22,32,Y,,,155,160,2,16,21,-,61,-,-,-
Community College Gippsland,,WARRAGUL,15,23,Y,,,66,144,-,51,17,-,71,-,-,-
Croydon Community School,*,CROYDON,11,15,Y,,,18,28,9,82,9,-,87,-,-,-
Divrei Emineh,*,ORMOND,7,2,,,,16,16,-,100,9,-,60,-,-,-
Djerriwarrh Community College,*,MELTON,5,12,Y,,,12,32,9,91,8,-,70,-,-,-
Eaglehawk Secondary College,*,EAGLEHAWK,1,2,,,,15,28,-,-,-,-,69,-,-,-
Federation University Australia,,BALLARAT,11,16,Y,,,22,29,-,88,13,-,68,-,-,-
Foundation College,,NARRE WARREN,10,14,Y,,,23,46,-,100,11,-,49,-,-,-
Foundation College,*,FRANKSTON,5,10,Y,,,4,24,100,100,< 4,-,45,-,-,-
Foundation Learning Centre,*,NARRE WARREN,4,2,,,,6,14,-,50,< 4,-,22,-,-,-
Goulburn Ovens Inst of TAFE,*,SHEPPARTON,7,5,Y,,,13,15,-,69,< 4,-,77,-,-,-
Grace Christian College Wodonga,*,LENEVA,11,8,Y,Y,,11,15,27,100,5,-,91,-,-,-
Hester Hornbrook Academy,,SOUTH MELBOURNE,9,23,Y,,,44,244,14,30,11,-,34,-,-,-
Holmesglen Institute,,MOORABBIN,14,28,Y,,,58,154,5,80,32,-,77,-,-,-
Ignatius Learning Centre,,RICHMOND,-,3,Y,,,-,13,-,-,-,-,-,-,-,-
Irymple Secondary College,*,IRYMPLE,1,10,,,,7,33,-,-,-,-,92,-,-,-
Wyndham Comm & Educ Centre,*,WERRIBEE,7,5,Y,,,10,31,-,88,7,-,89,-,-,-
Kensington Comm High School,,KENSINGTON,11,10,Y,,,31,45,-,82,5,-,13,-,-,-
Melbourne Polytechnic,*,PRESTON,7,8,,,,10,14,29,86,6,-,87,-,-,-
Merbein P-10 College,*,MERBEIN,2,13,,,,6,36,-,-,-,-,77,-,-,-
Mountain District Comm College,,BORONIA,7,11,,,,29,35,4,89,21,-,71,-,-,-
Parkville College,*,PARKVILLE,5,16,Y,,,6,107,-,100,-,-,65,-,-,-
Peter Lalor Secondary College,,LALOR,17,24,,,,36,94,23,86,19,-,52,-,-,-
Plenty River College,*,SOUTH MORANG,4,1,Y,,,18,29,-,100,6,-,28,-,-,-
Preston Reservoir ACE,,RESERVOIR,4,2,Y,,,54,90,4,80,20,-,63,-,-,-
Preshil The Margaret Lyttle MS,*,KEW,6,3,,Y,,5,5,74,100,< 4,-,89,-,-,-
River Nile School,,NORTH MELBOURNE,8,7,Y,,,39,90,40,90,26,-,83,-,-,-
Rushworth P-12 College,*,RUSHWORTH,10,13,,,,12,30,-,40,< 4,-,52,-,-,-
SEDA College,,CAMBERWELL,10,7,,,,721,719,12,99,316,-,99,-,-,-
Shepparton ACE Sec College,*,SHEPPARTON,7,11,,,,11,42,-,89,6,-,88,-,-,-
Sunraysia Institute of TAFE,*,MILDURA,10,13,Y,,,12,27,-,50,< 4,-,68,-,-,-
Swinburne Uni of Tech - TAFE,,CROYDON,10,17,,,,27,42,9,45,5,-,65,-,-,-
The Bendigo Kangan Institute,,BROADMEADOWS,7,16,Y,,,63,149,7,65,37,-,60,-,-,-
The David Scott School,,FRANKSTON,8,14,Y,,,50,84,4,67,18,-,65,-,-,-
Victoria University Polytechnic,*,FOOTSCRAY,8,1,,,,6,4,-,100,< 4,-,24,-,-,-
Yarra Hills Sec Coll Mt Evelyn,*,MOUNT EVELYN,14,20,,,,14,27,-,89,8,-,67,-,-,-
Youth2Industry College,,SOUTH MELBOURNE,10,18,Y,,,26,63,26,89,17,-,65,-,-,-
Ballarat Clarendon College,,BALLARAT,37,13,,,Y,255,103,93,100,-,8,100,-,37,34.7
Huntingtower School,,MOUNT WAVERLEY,34,3,,,,182,34,99,100,-,21,100,-,37,31.7
Mac.Robertson Girls' High Schl,,MELBOURNE,49,8,,Y,,566,11,100,100,-,101,95,100,37,31.1
Mount Scopus Memorial College,,BURWOOD,37,14,,,,248,182,98,100,-,6,96,100,37,30.8
Ruyton Girls' School,,KEW,44,10,,,,154,37,100,100,-,27,100,I/D,37,30.2
Yeshivah College,,ST KILDA EAST,13,1,,,,56,52,95,100,-,-,70,-,37,25.3
Bialik College,,HAWTHORN,37,17,,,,171,98,99,100,-,10,96,100,36,29.7
Camberwell Anglican Girls GS,,CANTERBURY,41,4,,,,185,13,100,100,-,28,100,I/D,36,25.2
Fintona Girls School,,BALWYN,31,5,,,,99,5,96,100,-,24,68,-,36,26.4
Haileybury College,,KEYSBOROUGH,50,4,,,Y,576,18,94,100,-,47,93,I/D,36,26.3
Haileybury Girls College,,KEYSBOROUGH,52,7,,,Y,434,29,98,100,-,53,90,I/D,36,29.9
John Monash Science School,,CLAYTON,45,8,,,,442,12,99,100,-,46,100,100,36,22.5
Melbourne Girls Grammar,,SOUTH YARRA,41,4,,,,248,4,96,100,-,26,100,-,36,28.7
Melbourne Grammar School,,MELBOURNE,38,2,,,,393,< 4,98,100,-,51,I/D,-,36,28.0
Melbourne High School,,SOUTH YARRA,46,4,,,,705,4,96,100,-,80,67,100,36,28.5
Mentone Girls' Grammar School,,MENTONE,37,10,,,,134,36,99,100,-,16,96,I/D,36,22.2
Nossal High School,,BERWICK,45,3,,,,421,19,100,100,-,45,64,I/D,36,27.6
Presbyterian Ladies' College,,BURWOOD,34,1,,Y,,286,< 4,99,100,-,62,I/D,100,36,25.9
St Catherine's School,,TOORAK,34,5,,,,132,5,97,100,-,28,70,100,36,30.8
St Mary's College,*,SEYMOUR,7,17,,,,17,48,-,-,-,-,70,-,36,37.5
Trinity Grammar School,,KEW,46,8,,,,298,55,97,100,< 4,38,100,100,36,26.3
Beth Rivkah Ladies College,,ST KILDA EAST,18,3,,,,61,61,61,100,7,-,100,-,35,23.5
Brighton Grammar School,,BRIGHTON,38,9,,,,286,15,93,100,-,24,82,-,35,24.3
Ivanhoe Girls' Grammar School,,IVANHOE,39,3,,,,230,56,99,100,-,14,86,-,35,21.2
Korowa Anglican Girls' School,,GLEN IRIS,36,10,,,,170,18,100,100,-,35,72,I/D,35,21.2
Lauriston Girls School,,ARMADALE,33,5,,Y,,153,5,100,100,-,16,74,100,35,20.3
Leibler Yavneh College,,ELSTERNWICK,29,5,,,,124,97,96,100,-,< 4,100,-,35,23.6
Loreto Mandeville Hall,,TOORAK,40,11,,,,262,14,99,100,-,17,93,-,35,26.4
Mentone Grammar School,,MENTONE,61,24,,,,352,38,95,99,16,11,100,I/D,35,21.5
Sacre Coeur,,GLEN IRIS,27,5,,,,149,7,99,100,-,16,100,-,35,24.6
Siena College,,CAMBERWELL,45,13,,,,180,21,95,100,-,9,79,-,35,21.0
St Kevin's College,,TOORAK,40,11,,,,379,21,97,100,-,31,100,I/D,35,23.7
Yarra Valley Grammar School,,RINGWOOD,52,8,,,,347,10,93,100,-,28,100,I/D,35,21.0
Al-Taqwa College,,TRUGANINA,32,12,,,,95,30,95,100,10,-,76,-,34,9.7
Camberwell Grammar School,,CANTERBURY,36,8,,,,331,75,99,100,-,62,100,100,34,21.3
Caulfield Grammar School,,ST KILDA EAST,52,17,,,Y,446,291,96,100,-,11,95,83,34,21.7
Firbank Grammar School,,BRIGHTON,37,9,,,,213,17,100,100,-,17,100,-,34,19.2
Genazzano F.C.J. College,,KEW,41,8,,,,190,20,100,100,< 4,15,97,I/D,34,19.6
Goulburn Valley Grammar Schl,,SHEPPARTON,27,4,,,,138,5,96,100,-,9,47,-,34,17.9
Ivanhoe Grammar School,,IVANHOE,34,2,,Y,,275,< 4,95,100,-,8,I/D,I/D,34,17.8
Lowther Hall Anglican GS,,ESSENDON,29,2,,,,124,12,98,100,-,23,100,I/D,34,19.3
Methodist Ladies College,,KEW,61,20,,Y,,394,435,99,100,< 4,26,78,I/D,34,22.5
Oxley Christian College,,CHIRNSIDE PARK,29,5,,,,99,5,89,100,-,< 4,100,-,34,21.9
Penleigh & Essendon Grammar,,KEILOR EAST,40,2,,,,415,< 4,96,100,-,57,I/D,-,34,16.3
Scotch College,,HAWTHORN,47,7,,,,437,12,99,100,-,87,83,100,34,22.6
Shelford Girls' Grammar,,CAULFIELD NORTH,31,2,,,,62,< 4,100,100,-,9,I/D,-,34,20.7
St Andrews Christian College,,WANTIRNA SOUTH,34,11,,,,83,30,96,100,-,< 4,96,I/D,34,20.1
St Leonard's College,,BRIGHTON EAST,45,11,,Y,,241,24,96,100,-,8,96,I/D,34,15.6
Star of the Sea College,,BRIGHTON,60,22,,,,319,67,96,100,12,6,89,-,34,18.8
Strathcona Baptist Girls GS,,CANTERBURY,42,16,,,,183,29,98,100,-,21,91,I/D,34,19.9
Suzanne Cory High School,,WERRIBEE,36,-,,Y,,451,-,100,100,-,38,-,100,34,19.0
The King David School,,ARMADALE,38,13,,,,110,92,95,100,-,< 4,90,-,34,18.3
Tintern Grammar,,RINGWOOD EAST,38,8,,,,150,29,92,99,-,10,93,I/D,34,17.3
Toorak College,,MOUNT ELIZA,37,2,,,,161,6,100,100,-,14,100,I/D,34,14.8
Waverley Christian College,,WANTIRNA SOUTH,45,19,,,,212,52,93,100,4,18,97,-,34,18.5
Xavier College,,KEW,55,13,,,,374,41,98,100,-,42,99,100,34,14.9
Carey Baptist Grammar School,,KEW,50,18,,Y,,327,32,92,100,-,23,96,I/D,33,11.8
Caulfield Grammar School,,WHEELERS HILL,49,15,,,Y,307,205,96,100,-,30,92,I/D,33,17.2
Donvale Christian College,,DONVALE,56,26,,,,248,69,86,99,-,7,98,75,33,10.7
Glen Waverley Sec College,,GLEN WAVERLEY,71,25,,,,650,52,96,100,4,67,85,I/D,33,14.1
Iona College Geelong,,CHARLEMONT,11,29,,,,65,75,-,-,-,-,93,-,33,6.1
Ivanhoe Grammar School,,MERNDA,30,9,,,,121,11,92,100,-,10,92,-,33,16.0
Kilvington Grammar School,,ORMOND,38,7,,,,159,9,99,100,-,16,100,I/D,33,18.3
Mallacoota P-12 College,*,MALLACOOTA,11,2,,,,9,7,50,100,< 4,-,75,-,33,18.2
Mazenod College,,MULGRAVE,47,35,Y,,,396,329,80,100,39,15,96,I/D,33,13.5
McKinnon Secondary College,,MCKINNON,69,22,Y,,Y,683,47,88,100,18,61,94,I/D,33,17.7
Peninsula Grammar,,MOUNT ELIZA,38,11,,,,220,48,83,99,-,5,71,75,33,15.1
St Margaret's School,,BERWICK,34,3,,,,82,5,93,97,-,< 4,97,-,33,12.8
St Michael's Grammar School,,ST KILDA,48,13,,,Y,218,19,93,100,-,10,92,-,33,13.1
The Geelong College,,NEWTOWN,47,15,,,,266,36,88,100,-,8,100,-,33,14.5
The Knox School,,WANTIRNA SOUTH,31,4,,,,93,6,92,100,-,7,100,I/D,33,7.4
Victorian College of the Arts,,SOUTHBANK,27,3,,,,178,39,68,100,-,< 4,100,-,33,15.2
Westbourne Grammar School,,TRUGANINA,37,2,,,,221,< 4,93,100,-,22,I/D,I/D,33,15.0
Academy of Mary Immaculate,,FITZROY,34,8,,,,147,20,93,100,-,10,100,I/D,32,11.3
Alice Miller School,,MACEDON,26,9,,,,53,29,77,100,-,< 4,84,I/D,32,12.2
Avila College,,MOUNT WAVERLEY,51,28,Y,,,257,84,92,99,10,20,94,I/D,32,11.5
Bacchus Marsh Grammar,,BACCHUS MARSH,45,4,,,,469,76,88,100,15,13,100,-,32,13.9
Ballarat Grammar,,WENDOUREE,55,20,,,,413,132,81,100,13,14,100,I/D,32,11.7
Balwyn High School,,BALWYN NORTH,62,12,,,,608,26,92,100,< 4,42,78,I/D,32,14.7
Box Hill High School,,BOX HILL,53,26,,,,406,57,89,98,10,17,87,I/D,32,11.8
Braemar College,,WOODEND,46,9,,,,204,50,83,99,-,8,90,-,32,7.2
Canterbury Girls Sec College,,CANTERBURY,47,9,,,,230,15,85,99,-,16,96,88,32,11.7
Catholic Ladies College,,ELTHAM,52,24,,,,207,114,92,100,6,5,94,-,32,11.0
Doncaster Secondary College,,DONCASTER,59,32,,,,263,95,74,98,7,17,97,75,32,13.0
Dromana Secondary College,,DROMANA,56,40,,,,390,272,58,100,53,4,100,80,32,8.7
East Doncaster Sec College,,DONCASTER EAST,60,29,Y,,,355,67,94,99,4,22,75,-,32,12.9
Geelong Grammar School,,CORIO,45,10,,Y,,242,44,85,99,6,9,99,94,32,8.7
Haileybury - Pangea Campus,,KEYSBOROUGH,22,1,,,,54,< 4,83,100,-,< 4,I/D,100,32,18.4
Ilim College,*,DOVETON,7,-,,,,12,-,100,100,-,-,-,-,32,3.6
Kardinia Internatl College,,BELL POST HILL,50,22,,Y,,330,61,89,100,-,19,100,100,32,12.6
Kilbreda College,,MENTONE,47,24,,,,211,88,82,100,21,< 4,94,-,32,10.3
Kingswood College,,BOX HILL,42,16,,,,108,62,92,100,-,7,88,-,32,11.8
Koonung Secondary College,,MONT ALBERT NORTH,58,30,Y,,,261,69,84,97,12,23,84,I/D,32,9.8
Luther College,,CROYDON HILLS,50,27,,,,262,48,87,100,-,11,99,I/D,32,10.8
Melbourne Girls' College,,RICHMOND,65,16,,,,400,29,95,100,8,23,89,I/D,32,10.6
Mentone Girls' Sec College,,MENTONE,57,20,,,,251,46,88,100,-,7,92,-,32,12.1
Our Lady of Mercy College,,HEIDELBERG,59,26,,,,280,135,93,99,8,10,91,I/D,32,9.6
Our Lady of Sacred Heart Coll,,BENTLEIGH,50,17,Y,,,195,112,80,98,9,< 4,97,I/D,32,10.1
Our Lady of Sion College,,BOX HILL,44,18,Y,,,218,66,93,100,7,11,96,I/D,32,7.8
Princes Hill Sec College,,PRINCES HILL,54,19,,,,182,41,92,98,4,7,89,-,32,11.0
Sacred Heart Girls' College,,HUGHESDALE,56,18,,,,206,50,94,99,10,9,96,-,32,10.6
Salesian College,,CHADSTONE,48,22,Y,,,234,91,84,100,18,5,86,-,32,11.7
St Joseph's College,,FERNTREE GULLY,45,23,,,,237,251,62,100,42,4,83,I/D,32,8.8
Vermont Secondary College,,VERMONT,70,38,Y,,,398,89,78,100,12,21,67,I/D,32,9.8
Wesley College,,MELBOURNE,34,5,,Y,,178,16,99,100,-,9,95,-,32,8.9
Al Siraat College,,EPPING,20,7,,,,106,118,98,98,-,-,99,I/D,31,6.8
Albert Park College,,ALBERT PARK,61,17,Y,Y,,423,49,84,99,7,10,75,-,31,9.0
Ashwood High School,,ASHWOOD,47,22,,,,165,44,72,99,18,6,79,I/D,31,8.1
Auburn High School,,HAWTHORN EAST,29,8,,Y,,177,12,86,99,-,11,94,-,31,8.6
Ave Maria College,,ABERFELDIE,40,15,,,,173,71,98,100,10,4,98,-,31,10.5
Beaconhills College,,BERWICK,34,5,,,,209,191,83,100,-,16,99,-,31,7.9
Berwick Grammar School,,OFFICER,27,4,,,,39,< 4,90,100,-,< 4,I/D,-,31,9.2
Billanook College,,MOOROOLBARK,44,15,,,,181,53,93,100,-,5,99,I/D,31,7.0
Birchip P-12 School,,BIRCHIP,23,11,Y,,,39,29,53,100,5,-,100,-,31,10.4
Blackburn High School,,BLACKBURN,67,31,,,,284,87,78,100,17,11,84,I/D,31,8.1
Braybrook College,,BRAYBROOK,42,14,,,,296,323,83,98,42,16,93,-,31,8.1
Caroline Chisholm Catholic Coll,,BRAYBROOK,67,36,,,,308,244,78,99,37,7,82,-,31,5.5
Chairo Christian School,,DROUIN,39,21,,,,80,29,65,98,5,< 4,99,-,31,4.8
Corryong College,,CORRYONG,28,14,Y,,,32,41,27,100,11,-,73,I/D,31,5.6
Darul Ulum College of Victoria,,FAWKNER,17,1,,,,148,65,59,100,-,-,100,-,31,7.3
Elisabeth Murdoch College,,LANGWARRIN,86,59,Y,,,377,504,40,100,76,-,88,100,31,10.8
Eltham College,,RESEARCH,42,15,,,,124,91,92,100,-,< 4,99,I/D,31,9.0
Elwood College,,ELWOOD,55,20,Y,,,193,35,70,99,< 4,8,88,100,31,9.3
Emmaus College,,VERMONT SOUTH,61,40,,,,308,226,73,100,28,6,84,I/D,31,9.8
Frankston High School,,FRANKSTON,80,35,Y,,,490,212,69,99,16,14,84,I/D,31,9.6
Gippsland Grammar,,SALE,42,15,,,,140,69,78,99,-,5,95,I/D,31,9.8
Girton Grammar School,,BENDIGO,44,8,Y,,,186,16,80,100,4,5,80,I/D,31,9.4
Glen Eira College,,CAULFIELD EAST,50,25,,,,159,63,79,98,8,8,86,I/D,31,6.5
Good News Lutheran College,,TARNEIT,36,13,,,,132,23,99,99,-,4,97,100,31,7.4
Haileybury Rendall School,,BERRIMAH,36,11,Y,,,106,39,55,98,5,< 4,80,-,31,11.0
Islamic College of Melbourne,,TARNEIT,21,10,,Y,,153,227,100,100,-,-,99,-,31,12.7
Kambrya College,,BERWICK,63,37,Y,,,355,291,66,99,65,7,85,I/D,31,5.6
Loreto College,,BALLARAT,52,22,,,,239,69,72,100,26,< 4,95,I/D,31,6.8
Maranatha Christian School,,ENDEAVOUR HILLS,41,16,,,,103,34,70,100,11,< 4,94,-,31,7.7
Marcellin College,,BULLEEN,48,18,Y,,,302,157,82,100,21,6,97,100,31,5.1
Mater Christi College,,BELGRAVE,49,25,Y,,,160,112,73,100,14,< 4,98,I/D,31,7.4
Melba College,,CROYDON,40,25,Y,,,95,100,40,95,25,-,57,-,31,11.3
Montmorency Sec College,,MONTMORENCY,58,36,,,,230,123,71,98,23,4,98,I/D,31,7.4
Mount St Joseph Girls' College,,ALTONA,43,16,Y,,,197,58,86,98,8,6,100,-,31,7.1
Mount Waverley Sec College,,MOUNT WAVERLEY,67,32,Y,,Y,404,70,90,100,8,25,85,I/D,31,7.4
Mullauna College,,MITCHAM,42,20,,,,135,49,69,95,7,< 4,78,I/D,31,6.9
Oakleigh Grammar,,OAKLEIGH,25,1,,,,95,< 4,82,97,-,< 4,I/D,-,31,4.7
OneSchool Global Vic,,MELTON WEST,16,1,,,,115,101,2,100,-,< 4,98,-,31,7.6
Overnewton Anglican Comm Coll,,KEILOR,57,22,,,,221,57,90,99,14,5,90,I/D,31,9.2
Sandringham College,,SANDRINGHAM,53,28,Y,,,230,86,69,100,13,4,78,-,31,6.9
Sirius College - Eastmeadows,,BROADMEADOWS,23,2,,,,180,21,96,98,-,< 4,97,100,31,10.7
St Albans Secondary College,,ST ALBANS,54,26,,,,325,215,80,94,56,19,69,-,31,8.8
St Aloysius College,,NORTH MELBOURNE,42,15,,,,104,46,97,100,8,5,100,-,31,8.6
St Bernard's College,,ESSENDON,58,22,Y,,,363,142,74,99,25,9,95,-,31,8.0
St Columba's College,,ESSENDON,58,28,,,,229,110,91,99,15,12,99,-,31,7.0
University High School,,PARKVILLE,72,26,,,,583,62,88,97,7,48,54,92,31,9.0
Viewbank College,,VIEWBANK,66,29,,,,338,114,80,98,10,9,86,I/D,31,7.0
Waverley Christian College,,NARRE WARREN SOUTH,33,10,Y,,,142,38,92,100,< 4,11,100,-,31,4.5
Wesley College,,GLEN WAVERLEY,41,11,,Y,,131,16,96,100,-,5,81,I/D,31,7.6
Williamstown High School,,WILLIAMSTOWN,68,26,Y,,,400,122,77,99,33,8,67,I/D,31,10.3
Woodleigh School,,LANGWARRIN SOUTH,39,15,,,,132,23,84,98,-,< 4,95,I/D,31,6.5
Alphington Grammar School,,ALPHINGTON,21,-,,,,77,-,100,100,-,< 4,-,-,30,12.4
Apollo Bay P-12 College,,APOLLO BAY,26,4,,,,44,30,64,100,< 4,-,85,-,30,10.7
Balcombe Grammar School,,MOUNT MARTHA,31,9,,,,171,21,76,100,-,4,100,I/D,30,5.2
Bayside Christian College,,LANGWARRIN SOUTH,36,22,,,,84,45,53,98,12,-,98,-,30,3.6
Beaumaris Secondary College,,BEAUMARIS,60,22,,,,266,42,77,99,10,5,72,I/D,30,5.9
Bentleigh Secondary College,,BENTLEIGH EAST,73,30,Y,,,253,116,64,92,16,< 4,74,89,30,5.6
Boort District P-12 School,,BOORT,30,14,,,,45,24,70,96,4,-,96,-,30,6.2
Brentwood Secondary College,,GLEN WAVERLEY,74,34,,,,436,107,83,100,15,20,87,100,30,5.9
Brighton Secondary College,,BRIGHTON EAST,58,24,Y,Y,,241,59,85,99,4,6,89,-,30,6.3
Brunswick Secondary College,,BRUNSWICK,52,21,,,,229,79,77,97,14,6,82,I/D,30,8.8
Camberwell High School,,CANTERBURY,55,19,,,,238,37,82,92,10,10,89,I/D,30,8.5
Casey Grammar School,,CRANBOURNE,37,14,,,,175,31,87,99,-,6,92,I/D,30,6.2
Charlton College,,CHARLTON,33,17,,,,28,23,56,94,6,-,49,-,30,1.6
Coburg High School,,COBURG,61,22,,,,266,80,83,99,13,7,78,I/D,30,8.0
Cornish College,,BANGHOLME,38,11,,,,145,23,92,100,-,6,96,I/D,30,6.8
Cranbourne East Sec College,,CRANBOURNE EAST,62,43,Y,,,404,404,61,97,117,< 4,81,-,30,3.5
De La Salle College,,MALVERN,46,16,,,,184,68,80,100,14,11,96,-,30,5.0
Elevation Secondary College,,CRAIGIEBURN,9,18,,,,55,100,-,-,-,-,66,-,30,9.4
Emmanuel College,,WARRNAMBOOL,55,31,Y,,,244,175,69,98,26,5,88,I/D,30,6.4
Foster Secondary College,,FOSTER,36,24,,,,54,59,45,90,7,-,64,-,30,3.0
Geelong Lutheran College,,ARMSTRONG CREEK,43,19,Y,,,119,36,61,100,10,< 4,75,I/D,30,6.2
Heathdale Christian College,,WERRIBEE,45,15,,,,164,125,96,100,8,11,92,-,30,5.6
Holy Trinity Lutheran College,,HORSHAM,30,15,,,,54,21,64,100,4,-,98,-,30,8.8
Hume Anglican Grammar,,MICKLEHAM,34,4,,,,166,6,92,100,-,7,95,-,30,9.4
Keilor Downs College,,KEILOR DOWNS,69,37,Y,,,275,199,82,96,35,19,71,-,30,5.2
Kew High School,,KEW EAST,55,24,,,,285,81,95,100,15,12,95,I/D,30,7.1
Killester College,,SPRINGVALE,43,9,Y,,,190,67,96,100,4,< 4,97,I/D,30,5.3
Lavalla Catholic College,,TRARALGON,50,23,Y,,,220,117,70,100,17,< 4,84,-,30,4.4
Lighthouse Christian College,,KEYSBOROUGH,32,10,,,,67,18,88,100,5,-,95,-,30,3.2
Lighthouse Christian College,,CRANBOURNE,18,2,,,,121,< 4,86,100,-,< 4,I/D,-,30,7.7
Loyola College,,WATSONIA,59,29,,,,294,143,82,99,30,14,92,-,30,4.7
Marian College Sunshine,,SUNSHINE WEST,43,24,,,,176,111,83,98,29,< 4,86,I/D,30,5.3
Maribyrnong Sec College,,MARIBYRNONG,52,21,,,,311,41,83,99,14,7,71,-,30,5.8
McClelland Secondary College,,FRANKSTON,51,38,,,,181,143,41,96,37,< 4,85,I/D,30,3.6
Mordialloc College,,MORDIALLOC,51,34,Y,,,204,111,77,99,18,< 4,78,-,30,7.0
Mortlake College,,MORTLAKE,21,15,,,,27,23,43,93,4,-,75,I/D,30,6.5
Mount Alexander 7-12 Coll,,FLEMINGTON,41,11,,,,119,16,86,90,8,-,72,-,30,4.8
Newhaven College,,RHYLL,32,5,,,,156,33,75,99,-,4,95,I/D,30,5.1
Northcote High School,,NORTHCOTE,76,30,,,,485,146,88,99,13,11,90,I/D,30,8.5
Northside Christian College,,BUNDOORA,38,20,,,,58,38,87,100,4,< 4,86,I/D,30,13.1
Nunawading Christian College,,NUNAWADING,18,4,,,,68,19,97,100,-,< 4,100,-,30,7.4
Parade College,,BUNDOORA,61,21,,,,506,365,73,99,63,19,86,I/D,30,4.8
Parkdale Secondary College,,MORDIALLOC,74,42,Y,,,362,222,57,99,22,16,97,I/D,30,5.9
Prahran High School,,WINDSOR,46,22,,,,169,48,80,97,< 4,6,79,-,30,5.3
Ringwood Secondary College,,RINGWOOD,81,39,,,,352,166,71,99,39,10,92,I/D,30,7.9
Sacred Heart College Geelong,,NEWTOWN,77,31,,,,421,169,76,100,11,8,90,75,30,7.4
Sacred Heart College Kyneton,,KYNETON,48,21,,,,183,160,81,100,15,4,81,-,30,3.2
Saint Ignatius College,,DRYSDALE,46,22,,,,258,80,73,100,21,< 4,91,I/D,30,7.3
Santa Maria College,,NORTHCOTE,45,17,Y,,,197,22,90,100,< 4,7,98,I/D,30,8.9
Simonds Catholic College,,WEST MELBOURNE,34,12,,,,94,22,83,98,10,6,80,-,30,6.5
Sirius College - Ibrahim Dellal,,SUNSHINE WEST,14,-,,,,88,-,98,100,-,< 4,-,-,30,7.3
St Bede's College,,MENTONE,61,30,,,,374,127,71,99,35,4,79,-,30,6.9
St Joseph's College,,NEWTOWN,65,37,Y,,,465,259,54,100,31,< 4,97,I/D,30,5.8
St Paul's Anglican Grammar Schl,,WARRAGUL,37,13,,,,147,52,80,100,-,6,96,-,30,6.7
Strathmore Secondary College,,STRATHMORE,64,19,,,,446,74,80,99,10,13,33,I/D,30,5.9
The Hamilton & Alexandra Coll,,HAMILTON,29,11,,,,125,42,79,100,-,< 4,99,I/D,30,3.7
The Lakes South Morang College,,SOUTH MORANG,25,19,,,,46,52,38,100,< 4,-,70,-,30,2.7
Thornbury High School,,THORNBURY,52,24,,,,258,111,82,93,13,6,79,100,30,6.0
Whitefriars College,,DONVALE,50,15,,,,238,89,80,99,12,< 4,95,I/D,30,7.0
Wycheproof P-12 College,,WYCHEPROOF,26,11,,,,26,17,50,100,< 4,-,83,-,30,2.6
Alkira Secondary College,,CRANBOURNE NORTH,61,34,Y,,,376,176,67,96,59,< 4,88,-,29,2.8
Aquinas College,,RINGWOOD,80,39,Y,,,383,183,76,99,34,5,71,I/D,29,5.1
Ballarat High School,,BALLARAT,59,44,Y,,,275,273,50,96,44,-,80,I/D,29,2.2
Beaconhills College,,PAKENHAM,46,7,,,,186,11,70,99,-,7,87,-,29,2.8
Belgrave Heights Christian Schl,,BELGRAVE HEIGHTS,46,22,,,,145,65,78,100,9,< 4,80,I/D,29,2.4
Belmont High School,,BELMONT,58,31,Y,,,277,208,55,97,12,< 4,94,94,29,4.5
Berwick Secondary College,,BERWICK,49,28,,,,334,136,61,97,36,-,94,I/D,29,2.6
Bright P-12 College,,BRIGHT,31,16,,,,60,49,44,97,4,< 4,100,-,29,5.1
Buckley Park College,,ESSENDON,50,21,,,,197,49,83,99,8,7,63,-,29,5.7
Cathedral College,,WANGARATTA,48,30,,,,137,116,64,100,-,4,84,-,29,4.5
Catholic College Sale,,SALE,34,17,Y,,,227,194,58,100,14,-,93,I/D,29,7.0
Christian College Institute,,WAURN PONDS,65,26,,,,278,93,76,98,14,< 4,99,I/D,29,5.1
Clonard College,,HERNE HILL,54,28,Y,,,224,99,69,100,21,< 4,88,I/D,29,5.4
Covenant College,,BELL POST HILL,36,18,,,,96,30,70,100,9,< 4,92,I/D,29,3.0
Damascus College,,MOUNT CLEAR,58,39,Y,,Y,232,238,64,99,28,< 4,81,-,29,3.7
Daylesford Secondary College,,DAYLESFORD,37,14,Y,,,87,61,49,97,13,< 4,83,-,29,3.5
Dimboola Memorial Sec College,,DIMBOOLA,19,12,Y,,,25,20,46,91,< 4,-,92,-,29,5.1
Donald High School,,DONALD,24,11,Y,,,32,23,64,100,5,-,62,I/D,29,8.3
Eltham High School,,ELTHAM,64,27,Y,,,343,99,66,99,4,10,84,100,29,5.3
Flinders Christian Comm College,,TYABB,45,22,,,,77,48,76,100,5,-,92,-,29,2.3
Flinders Christian Comm College,,CARRUM DOWNS,44,21,,,,109,28,74,100,7,-,93,-,29,4.6
Footscray High School,,FOOTSCRAY,49,17,,,,278,127,70,99,17,4,67,-,29,4.2
Forest Hill College,,BURWOOD EAST,44,20,,,,133,83,58,94,15,-,87,I/D,29,2.1
Gleneagles Secondary College,,ENDEAVOUR HILLS,66,30,Y,,,377,151,68,99,40,< 4,97,100,29,3.2
Hampton Park Sec College,,HAMPTON PARK,51,35,Y,,,226,196,50,95,57,-,67,-,29,1.8
Highvale Secondary College,,GLEN WAVERLEY,48,23,,,,234,38,86,98,-,9,81,-,29,7.3
Hillcrest Christian College,,CLYDE NORTH,46,23,,,,137,53,86,100,5,5,79,-,29,3.4
Horsham College,,HORSHAM,52,38,Y,,,199,178,38,93,23,< 4,96,-,29,5.2
Kerang Christian College,*,KERANG,9,-,,,,18,-,60,100,-,-,-,-,29,15.9
Kings College,,WARRNAMBOOL,18,8,,,,30,14,44,100,-,-,88,-,29,6.1
Leongatha Secondary College,,LEONGATHA,45,29,,,,129,109,60,99,28,-,79,-,29,1.0
Little Yarra Steiner School,*,YARRA JUNCTION,13,-,,,,14,-,23,100,-,-,-,-,29,0.0
MacKillop Catholic Reg College,,WERRIBEE,60,27,Y,,,319,193,72,98,36,5,90,I/D,29,4.8
Mansfield Secondary College,,MANSFIELD,42,26,Y,,,105,89,35,100,24,-,90,I/D,29,6.3
Marian College Ararat,,ARARAT,28,16,Y,,,90,64,71,100,10,-,80,I/D,29,4.3
Melbourne Rudolf Steiner Schl,,WARRANWOOD,23,-,,,,52,-,95,100,-,< 4,-,-,29,5.9
Mercy College,,COBURG,31,17,,,,106,28,97,89,< 4,-,89,-,29,6.2
Mount Eliza Sec College,,MOUNT ELIZA,38,29,Y,,,110,76,36,98,14,-,82,-,29,4.9
Mount Evelyn Christian School,,MOUNT EVELYN,38,23,,,,99,67,38,100,23,-,77,-,29,2.1
Mount Lilydale Mercy College,,LILYDALE,68,36,Y,,,330,231,74,100,38,< 4,92,100,29,2.7
Mt Hira College,,KEYSBOROUGH,19,3,,,,71,39,69,100,-,< 4,94,-,29,0.0
Norwood Secondary College,,RINGWOOD,48,28,,,,234,144,55,97,20,-,83,-,29,5.7
Ouyen P-12 College,*,OUYEN,20,8,,,,20,24,40,100,< 4,-,95,I/D,29,0.0
Padua College,,MORNINGTON,77,47,Y,,,488,309,62,99,45,< 4,84,-,29,4.6
Plenty Valley Christian College,,DOREEN,41,13,,,,106,44,71,97,-,< 4,92,I/D,29,5.1
Preston High School,,PRESTON,56,30,,,,196,77,94,97,5,6,87,I/D,29,4.7
Rosehill Secondary College,,NIDDRIE,47,21,,,,204,73,70,99,23,< 4,95,100,29,1.7
Sirius College - Meadow Fair,,BROADMEADOWS,19,1,,,,140,11,90,100,-,< 4,100,-,29,11.7
South Oakleigh Sec College,,OAKLEIGH SOUTH,50,27,,,,121,64,63,98,14,< 4,86,-,29,2.0
Southern Cross Grammar,,CAROLINE SPRINGS,37,11,,,,127,28,86,100,< 4,-,99,I/D,29,4.6
St Francis Catholic College,,MELTON,47,28,Y,,,211,246,72,99,18,-,81,-,29,3.0
St Helena Secondary College,,ELTHAM,67,33,Y,,,372,205,76,96,21,< 4,71,-,29,5.3
St Mary MacKillop College,,SWAN HILL,30,14,Y,,,93,110,69,100,8,-,93,-,29,5.0
St Mary's Coptic Orth College,,COOLAROO,23,3,,,,87,20,93,100,-,-,91,-,29,12.8
St Monica's College,,EPPING,66,33,Y,,,439,390,76,100,47,8,89,I/D,29,3.8
Swifts Creek P-12 School,*,SWIFTS CREEK,14,8,Y,,,11,13,33,100,< 4,-,88,-,29,7.1
Taylors Lakes Sec College,,TAYLORS LAKES,54,30,Y,,,281,179,80,99,40,< 4,84,I/D,29,4.4
Victoria University SC,,CAIRNLEA,49,29,,,,178,169,65,100,47,5,92,I/D,29,6.8
Victory Christian College,,STRATHDALE,48,19,,,,101,67,63,100,-,-,59,-,29,7.3
Wantirna College,,WANTIRNA,81,43,,,,296,181,65,100,40,< 4,78,I/D,29,3.6
Warracknabeal Sec College,,WARRACKNABEAL,26,16,Y,,,34,38,59,94,-,-,94,-,29,6.9
Wellington Secondary College,,MULGRAVE,59,31,Y,,,372,77,79,99,29,14,95,I/D,29,4.7
Aitken College,,GREENVALE,41,14,,,,160,97,91,99,8,< 4,99,-,28,4.6
Assumption College,,KILMORE,74,40,Y,,,310,237,57,100,24,-,82,-,28,2.2
Bass Coast College,,WONTHAGGI,58,34,,,,270,310,53,95,29,< 4,64,-,28,3.6
Bayside P-12 College,,NEWPORT,41,21,Y,,,139,118,59,99,32,< 4,81,I/D,28,2.3
Beechworth Secondary College,,BEECHWORTH,33,17,Y,,,50,37,60,96,-,-,50,I/D,28,6.5
Bellarine Secondary College,,DRYSDALE,53,33,,,,173,170,45,94,28,< 4,67,I/D,28,4.9
Box Hill Senior Sec College,,MONT ALBERT NORTH,42,22,,,,105,73,46,97,18,-,67,-,28,0.7
Brauer College,,WARRNAMBOOL,41,33,Y,,,205,162,43,96,16,< 4,94,I/D,28,3.7
Camperdown College,,CAMPERDOWN,18,18,Y,,,36,28,56,100,6,-,81,-,28,0.0
Casterton Secondary College,*,CASTERTON,19,8,Y,,,10,14,56,100,< 4,-,100,I/D,28,0.0
Catherine McAuley College,,BENDIGO,50,25,Y,,,353,269,72,98,21,< 4,85,I/D,28,5.3
Catholic College Wodonga,,WODONGA,45,14,Y,,,253,178,64,100,19,< 4,87,I/D,28,3.8
Catholic Regional College,,SYDENHAM,77,35,Y,,,711,487,75,99,45,< 4,88,I/D,28,2.7
Chairo Christian School,,NAR NAR GOON,36,21,,,,94,26,69,98,9,-,98,100,28,4.8
Cheltenham Secondary College,,CHELTENHAM,62,26,Y,,,230,57,74,99,16,9,74,I/D,28,2.1
Heatherton Christian College,,CLARINDA,23,7,,,,53,37,60,100,-,-,99,-,28,7.8
Cohuna Secondary College,,COHUNA,19,13,,,,41,22,67,100,< 4,-,82,-,28,4.2
Collingwood College,,FITZROY NORTH,54,19,Y,,,99,62,64,86,6,4,57,-,28,4.0
East Loddon P-12 College,,DINGEE,32,13,,,,28,21,65,88,< 4,-,64,-,28,1.7
Edinburgh College,,LILYDALE,21,7,,,,54,40,68,100,-,< 4,87,-,28,1.0
Emerald Secondary College,,EMERALD,38,20,Y,,,122,64,52,100,16,-,90,I/D,28,1.6
Emmanuel College,,ALTONA NORTH,67,33,Y,,,464,341,74,99,50,7,97,I/D,28,4.6
Epping Secondary College,,EPPING,51,28,Y,,,252,184,62,98,53,-,83,-,28,5.2
F.C.J. College,,BENALLA,50,21,Y,,,102,80,52,100,10,< 4,48,I/D,28,1.1
Fitzroy High School,,FITZROY NORTH,56,27,Y,,,130,58,74,93,6,-,62,I/D,28,3.7
Fountain Gate Sec College,,FOUNTAIN GATE,56,39,,,,306,337,55,97,60,-,85,-,28,1.8
Galen College,,WANGARATTA,44,26,,,,232,207,57,98,26,< 4,92,-,28,3.5
Hawkesdale College,,HAWKESDALE,16,12,Y,,,24,18,38,100,-,-,97,-,28,0.0
Holmes Grammar School,,MELBOURNE,16,1,,,,25,10,39,96,9,-,90,-,28,0.0
Hoppers Crossing Sec College,,HOPPERS CROSSING,51,28,,,,225,119,67,97,20,< 4,82,89,28,2.0
John Paul College,,FRANKSTON,44,34,,,,214,116,67,96,28,-,80,I/D,28,4.6
Keysborough SC - Acacia,,KEYSBOROUGH,56,30,,,,180,76,76,99,16,< 4,74,91,28,2.6
Macleod College,,MACLEOD,44,18,,,,115,45,78,97,9,< 4,89,-,28,1.8
Maffra Secondary College,,MAFFRA,23,13,,,,57,33,49,97,< 4,-,98,I/D,28,1.0
Marian College Myrtleford,,MYRTLEFORD,25,11,,,,22,12,71,100,< 4,< 4,100,-,28,7.6
Mary MacKillop Catholic College,,LEONGATHA,41,23,,,,130,139,62,99,16,-,87,-,28,6.5
Marymede Catholic College,,SOUTH MORANG,49,25,,,,222,135,77,100,20,9,92,-,28,3.3
Matthew Flinders Girls' SC,,GEELONG,48,21,Y,,,92,57,63,95,< 4,< 4,89,I/D,28,4.7
Mernda Central P-12 College,,MERNDA,44,39,,,,174,129,59,100,17,< 4,94,I/D,28,5.7
Minaret College,,OFFICER,17,-,,,,123,-,95,100,-,-,-,-,28,3.7
Mooroolbark College,,MOOROOLBARK,52,38,,,,220,154,53,91,27,-,64,I/D,28,2.1
Mount Rowan Secondary College,,WENDOUREE,32,21,,,,48,72,48,88,7,-,80,-,28,1.4
Murrayville Community College,*,MURRAYVILLE,15,2,,,,12,6,-,86,< 4,-,62,-,28,0.0
Nagle College,,BAIRNSDALE,45,28,,,,152,141,58,99,17,< 4,82,-,28,3.0
Nazareth College,,NOBLE PARK NORTH,42,25,Y,,,129,85,69,100,16,< 4,94,-,28,1.8
Notre Dame College,,SHEPPARTON,62,42,,,,358,653,61,99,52,< 4,86,I/D,28,4.1
Oberon High School,,ARMSTRONG CREEK,49,28,Y,,,168,87,50,97,12,5,71,-,28,4.0
Officer Secondary College,,OFFICER,61,38,Y,,,237,140,52,94,39,< 4,75,-,28,4.2
Penola Catholic College,,BROADMEADOWS,54,27,Y,,,295,331,76,99,29,5,77,-,28,3.1
Point Cook Senior Sec College,,POINT COOK,50,27,Y,,,291,212,71,99,50,< 4,80,-,28,4.0
Reservoir High School,,RESERVOIR,45,23,Y,,,150,99,62,94,13,< 4,90,-,28,3.8
Richmond High School,,RICHMOND,43,16,,,,178,37,78,94,-,< 4,71,-,28,6.2
Scoresby Secondary College,,SCORESBY,30,13,Y,,,38,32,48,100,8,-,72,-,28,5.6
Shepparton Christian College,,SHEPPARTON,24,8,,,,30,17,38,100,< 4,< 4,79,-,28,3.0
Sirius College - Keysborough,,KEYSBOROUGH,18,2,,,,88,< 4,100,100,-,< 4,I/D,-,28,6.9
Somerville Secondary College,,SOMERVILLE,39,22,,,,59,63,63,100,7,-,64,I/D,28,0.0
St Joseph's College,,ECHUCA,45,19,Y,,,197,202,65,95,5,-,86,-,28,1.0
St Mary's College Melbourne,,ST KILDA EAST,52,21,,,,115,35,68,97,12,< 4,87,-,28,3.3
St Patrick's College,,BALLARAT,45,18,,,,276,165,64,98,18,< 4,97,-,28,5.3
Sunbury Downs Sec College,,SUNBURY,26,17,Y,,,91,75,61,96,12,-,83,-,28,3.9
Surf Coast Sec College,,TORQUAY,56,40,,,,221,229,43,99,58,< 4,81,100,28,4.1
Swinburne Senior Sec College,,HAWTHORN,61,26,,,,247,76,65,96,13,< 4,75,I/D,28,3.7
Templestowe College,,TEMPLESTOWE LOWER,76,42,Y,,,351,174,50,98,40,< 4,90,I/D,28,7.0
Trinity College Colac,,COLAC,49,22,Y,,,170,101,57,99,17,< 4,91,-,28,1.3
Tyrrell College,*,SEA LAKE,17,8,Y,,,20,28,63,75,< 4,-,83,-,28,3.3
Victory Lutheran College,,WEST WODONGA,45,14,,,,121,78,49,100,4,-,82,I/D,28,1.8
Werribee Secondary College,,WERRIBEE,65,31,,Y,,306,155,83,95,17,10,73,I/D,28,5.2
Yarrawonga College P-12,,YARRAWONGA,33,21,,,,75,71,55,100,14,-,89,I/D,28,1.3
Yesodei HaTorah College,*,ORMOND,13,2,,,,16,24,63,100,-,< 4,89,-,28,7.9
Bayview College,,PORTLAND,28,14,Y,,,64,26,74,100,< 4,< 4,88,-,27,1.4
Beaufort Secondary College,,BEAUFORT,26,23,Y,,,38,53,32,88,8,-,60,-,27,0.0
Bendigo Senior Sec College,,BENDIGO,86,47,Y,,,1114,741,42,96,47,4,92,100,27,4.6
Boronia K-12 College,,BORONIA,30,18,Y,,,54,44,66,92,7,-,73,I/D,27,0.8
Box Hill Institute - CAE campus,,MELBOURNE,20,1,,,,107,< 4,47,81,-,-,I/D,-,27,3.1
Carwatha College P-12,,NOBLE PARK NORTH,44,23,,,,128,54,65,91,4,< 4,68,-,27,0.5
Copperfield College,,DELAHEY,63,34,Y,,,395,341,63,92,51,5,76,100,27,2.1
Geelong High School,,EAST GEELONG,46,25,,,,160,109,44,99,7,-,88,I/D,27,5.1
Gilson College,,TAYLORS HILL,37,8,Y,,,108,108,79,100,7,< 4,96,-,27,2.9
Gisborne Secondary College,,GISBORNE,68,41,Y,,,215,248,49,100,45,< 4,61,I/D,27,0.8
Gladstone Park Sec College,,GLADSTONE PARK,53,25,,,,309,163,71,97,26,-,68,-,27,3.9
Greensborough Sec College,,GREENSBOROUGH,33,14,,,,106,88,62,95,17,-,66,-,27,2.9
Healesville High School,,HEALESVILLE,33,21,,,,67,47,62,88,4,-,87,-,27,1.6
Heritage College,,OFFICER,20,9,,,,31,14,80,96,< 4,-,95,-,27,0.9
Homestead Senior Sec College,,POINT COOK,33,24,,,,138,39,72,99,11,< 4,97,-,27,2.9
Hopetoun P-12 College,*,HOPETOUN,16,11,Y,,,15,10,-,100,< 4,-,92,-,27,0.0
Hume Central Sec College,,BROADMEADOWS,40,25,Y,,,193,165,78,100,26,-,84,I/D,27,1.9
Ilim College,,BROADMEADOWS,20,-,,,,116,-,94,100,-,-,-,-,27,5.2
Ilim College Kiewa Campus,,DALLAS,20,7,,,,124,8,82,100,-,-,73,-,27,4.5
Kolbe Catholic College,,GREENVALE,45,21,Y,,,250,312,81,100,23,< 4,83,I/D,27,4.8
Koo Wee Rup Sec College,,KOO WEE RUP,46,27,,,,184,137,59,99,38,-,82,-,27,3.2
Kyneton Secondary College,,KYNETON,26,20,Y,,,113,124,46,100,12,< 4,100,-,27,1.3
Lakes Entrance Sec College,*,LAKES ENTRANCE,15,13,,,,18,28,15,90,10,-,100,-,27,0.0
Lakeview Senior College,,CAROLINE SPRINGS,66,35,Y,,,360,205,68,97,52,< 4,76,-,27,2.3
Lilydale High School,,LILYDALE,54,26,,,,252,116,45,100,16,< 4,88,I/D,27,2.0
Lyndhurst Secondary College,,CRANBOURNE,52,40,,,,134,164,46,98,26,-,51,I/D,27,1.5
Marist - Sion College,,WARRAGUL,52,31,,,,217,143,57,95,18,-,92,100,27,2.1
Marist College Bendigo,,MAIDEN GULLY,47,18,Y,,,181,113,64,99,12,< 4,90,I/D,27,2.8
Mercy Regional College,,CAMPERDOWN,29,19,,,,85,87,61,100,11,-,94,-,27,5.0
Mirboo North Sec College,,MIRBOO NORTH,32,29,Y,,,75,58,34,95,18,-,67,-,27,1.9
Monivae College,,HAMILTON,37,23,,,,127,131,43,97,20,-,99,-,27,1.2
Mornington Secondary College,,MORNINGTON,65,42,,,,245,220,44,98,39,< 4,69,-,27,4.3
Narre Warren Sth P-12 College,,NARRE WARREN SOUTH,45,38,,,,476,293,59,92,89,< 4,91,-,27,2.3
North Geelong Sec College,,NORTH GEELONG,58,37,Y,,,230,174,39,99,31,-,73,-,27,1.6
Northern College of Arts & Tech,,PRESTON EAST,53,29,,,,225,315,39,98,75,-,92,-,27,2.6
Pakenham Secondary College,,PAKENHAM,32,25,Y,,,152,106,73,99,22,-,82,I/D,27,1.2
Pascoe Vale Girls Sec College,,PASCOE VALE,43,22,,,,217,80,79,94,34,4,82,I/D,27,1.2
Patterson River Sec College,,SEAFORD,59,51,,,,220,151,46,98,39,-,96,-,27,2.2
Phoenix P-12 Comm Coll,,SEBASTOPOL,45,31,Y,,,189,198,44,98,44,-,93,-,27,1.9
Red Rock Christian College,*,SUNBURY,12,-,,,,19,-,27,100,-,-,-,-,27,0.0
Rochester Secondary College,,ROCHESTER,35,22,,,,55,83,56,100,5,-,75,I/D,27,0.9
Rosebud Secondary College,,ROSEBUD,38,24,Y,,,131,108,41,96,7,-,75,-,27,2.2
Sacred Heart College,,YARRAWONGA,29,14,Y,,,61,44,61,100,6,-,87,-,27,1.2
Salesian College Sunbury,,SUNBURY,61,31,Y,,,339,197,58,99,40,< 4,76,75,27,1.2
St Augustine's College,,KYABRAM,29,17,Y,,,88,40,70,98,7,-,87,-,27,1.5
St Brigid's College,,HORSHAM,27,12,Y,,,47,26,69,100,4,-,100,100,27,1.9
St Francis Xavier College,,BEACONSFIELD,80,40,Y,,,600,327,72,99,33,4,80,I/D,27,3.6
St John's Greek Orth College,,PRESTON,19,7,,,,23,7,76,100,-,< 4,91,-,27,1.3
St John's Regional College,,DANDENONG,39,21,,,,106,74,85,97,9,< 4,82,-,27,3.0
Sunbury College,,SUNBURY,45,25,,,,221,185,45,100,47,-,83,I/D,27,1.3
Tallangatta Secondary College,,TALLANGATTA,25,21,,,,43,62,24,100,13,-,100,-,27,0.0
Trafalgar High School,,TRAFALGAR,39,27,Y,,,183,79,53,99,15,-,91,I/D,27,5.9
Upper Yarra Secondary College,,YARRA JUNCTION,42,30,,,,143,111,64,94,15,-,80,I/D,27,2.1
Upwey High School,,UPWEY,61,31,,,,178,95,52,92,11,< 4,71,100,27,1.5
Virtual School Victoria,,THORNBURY,85,39,Y,,,565,113,34,90,-,-,82,88,27,3.3
Wheelers Hill Sec College,,WHEELERS HILL,45,21,,,,128,66,57,98,23,< 4,75,I/D,27,4.9
Woodmans Hill Secondary College,,BALLARAT EAST,31,26,Y,,,70,83,46,91,16,-,67,I/D,27,5.3
Al Iman College,,MELTON SOUTH,17,-,,,,32,-,71,100,-,-,-,-,26,0.8
Altona College,,ALTONA,31,15,,,,58,46,41,100,4,-,81,-,26,3.9
Antonine College,,PASCOE VALE SOUTH,25,12,,,,102,72,75,95,5,< 4,90,-,26,3.3
Ararat Secondary College,,ARARAT,28,20,,,,65,47,30,89,< 4,-,98,-,26,1.2
Baimbridge College,,HAMILTON,28,20,Y,,,59,73,30,85,10,-,90,-,26,0.0
Bairnsdale Secondary College,,BAIRNSDALE,41,28,Y,,,176,202,44,96,26,-,85,-,26,1.1
Bayswater Secondary College,,BAYSWATER,35,27,,,,47,70,44,93,9,-,53,I/D,26,0.0
Bundoora Secondary College,,BUNDOORA,41,31,Y,,,114,112,41,89,9,-,74,I/D,26,1.7
Castlemaine Secondary College,,CASTLEMAINE,48,19,Y,,,154,114,46,93,4,< 4,59,I/D,26,2.1
Cobram Anglican Grammar School,,COBRAM,25,17,,,,37,47,63,100,-,< 4,83,-,26,1.1
Edgars Creek Secondary College,,WOLLERT,38,29,Y,,,189,123,61,88,26,< 4,67,I/D,26,1.0
Essendon Keilor College,,ESSENDON,32,25,Y,,,132,96,65,97,35,< 4,71,-,26,2.3
Euroa Secondary College,,EUROA,36,29,,,,95,106,39,90,9,-,82,-,26,2.8
Fairhills High School,,KNOXFIELD,36,25,,,,70,63,56,93,14,< 4,89,I/D,26,0.0
Hazel Glen College,,DOREEN,47,39,Y,,,285,286,58,99,43,-,91,I/D,26,2.7
Heywood & District Sec College,*,HEYWOOD,21,11,Y,,,16,17,-,89,< 4,-,100,-,26,0.0
Highview Christian Comm College,,MARYBOROUGH,30,13,,,,69,44,52,100,12,-,96,-,26,5.5
Kerang Technical High School,,KERANG,26,15,Y,,,36,45,41,100,-,-,65,I/D,26,2.6
Keysborough SC - Banksia,,SPRINGVALE SOUTH,49,25,Y,,,184,84,73,100,7,4,70,-,26,2.3
Lalor Secondary College,,LALOR,50,25,,,,185,107,69,98,28,< 4,73,-,26,2.3
Lilydale Heights College,,LILYDALE,46,25,,,,125,58,64,95,11,< 4,71,I/D,26,3.7
Lowanna College,,NEWBOROUGH,47,29,Y,,,128,135,33,97,25,-,88,I/D,26,2.5
Lyndale Secondary College,,DANDENONG NORTH,40,20,Y,,,144,84,82,97,18,< 4,76,-,26,3.5
Maryborough Education Centre,,MARYBOROUGH,42,33,Y,,,126,146,42,84,18,-,50,-,26,2.1
Melton Christian College,,BROOKFIELD,31,12,Y,,,106,53,79,100,11,-,70,I/D,26,0.8
Gilson College,*,MERNDA,15,-,,,,14,-,100,100,-,-,-,-,26,0.0
Mildura Senior College,,MILDURA,81,45,Y,,,708,491,46,94,48,-,84,100,26,2.8
Mill Park Secondary College,,EPPING,59,31,,,,241,126,72,96,15,< 4,84,-,26,2.4
Minaret College,,SPRINGVALE,20,-,,,,179,-,92,100,-,-,-,-,26,4.4
Mount Beauty Sec College,,MOUNT BEAUTY,28,12,Y,,,38,27,16,100,< 4,-,90,I/D,26,0.0
Mount Clear College,,MOUNT CLEAR,48,26,Y,,,172,187,48,86,20,< 4,77,I/D,26,1.4
Murtoa P-12 College,,MURTOA,24,17,Y,,,40,62,50,100,8,-,99,I/D,26,0.0
Sherbrooke Community School,*,SASSAFRAS,16,11,,,,14,18,42,92,< 4,-,79,-,26,0.0
Springside West Sec College,,FRASER RISE,58,37,Y,,,228,116,75,95,31,< 4,77,-,26,1.8
St Arnaud Secondary College,,ST ARNAUD,15,7,Y,,,22,21,40,80,-,-,68,-,26,0.0
St Joseph's College,,MILDURA,50,21,Y,,,129,75,63,99,10,< 4,86,-,26,2.9
St Mary of the Angels School,,NATHALIA,51,34,Y,,,145,73,62,99,22,-,72,-,26,2.1
St Peter's College,,CRANBOURNE,67,32,Y,,,421,256,75,98,31,< 4,70,88,26,2.3
St Thomas Aquinas College,*,TYNONG,16,4,,,,18,5,55,100,-,< 4,88,-,26,0.0
Sunshine College,,SUNSHINE WEST,44,17,Y,,,272,112,75,98,32,< 4,89,-,26,1.5
Swan Hill College,,SWAN HILL,38,23,Y,,,144,189,65,99,11,< 4,82,-,26,1.8
Terang College Sec Campus,,TERANG,20,13,Y,,,26,15,39,100,4,-,96,-,26,6.5
Thomas Carr College,,TARNEIT,51,19,,,,214,53,86,100,12,10,84,75,26,2.0
Wangaratta High School,,WANGARATTA,39,24,,,,86,85,55,89,< 4,-,68,I/D,26,1.9
Warrandyte High School,,WARRANDYTE,34,24,,,,58,57,53,100,5,-,81,-,26,0.8
Warrnambool College,,WARRNAMBOOL,49,32,Y,,,187,222,47,95,25,< 4,92,I/D,26,1.5
Ballarat Christian College,,SEBASTOPOL,27,21,,,,36,40,63,100,6,-,83,-,25,0.0
Carrum Downs Sec College,,CARRUM DOWNS,43,37,Y,,,162,147,32,94,38,-,91,-,25,0.8
Dandenong High School,,DANDENONG,60,21,Y,,,313,113,73,95,27,5,77,-,25,1.7
Diamond Valley College,,DIAMOND CREEK,52,35,,,,133,126,56,100,18,-,76,I/D,25,0.7
Drouin Secondary College,,DROUIN,50,45,Y,,,207,174,43,98,34,< 4,100,I/D,25,1.1
Edenhope College,*,EDENHOPE,18,9,Y,,,11,11,33,100,< 4,-,83,-,25,0.0
Grovedale College,,GROVEDALE,41,23,Y,,,136,105,49,98,21,-,91,-,25,1.1
Hallam Senior Sec College,,HALLAM,45,27,Y,,,185,135,31,92,25,-,53,-,25,0.6
Heathmont College,,HEATHMONT,53,32,,,,165,84,49,98,13,4,80,-,25,0.7
Korumburra Sec College,,KORUMBURRA,33,18,,,,64,49,41,97,10,-,99,-,25,0.7
Lakeside Lutheran College,,PAKENHAM,20,4,,,,35,4,87,100,-,< 4,69,-,25,0.9
Lara Secondary College,,LARA,32,26,,,,95,99,25,92,16,-,40,-,25,1.5
Monbulk College,,MONBULK,40,31,,,,99,86,57,98,14,-,79,I/D,25,5.1
Newcomb Secondary College,,NEWCOMB,37,22,Y,,,76,85,14,88,19,-,69,-,25,1.0
Noble Park Secondary College,,NOBLE PARK,39,20,,,,89,68,68,100,19,< 4,85,-,25,0.5
Orbost Secondary College,,ORBOST,23,12,Y,,,57,52,62,95,4,-,61,-,25,5.6
Rowville Secondary College,,ROWVILLE,74,51,Y,,,374,361,41,96,83,< 4,86,I/D,25,2.1
Seymour College,,SEYMOUR,40,26,Y,,,97,103,38,92,23,< 4,100,-,25,1.7
St Anne's College,,KIALLA,42,25,,,,62,43,60,96,10,-,69,I/D,25,0.7
Staughton College,,MELTON SOUTH,37,30,Y,,,174,183,53,95,45,-,67,-,25,1.5
The Grange P-12 College,,HOPPERS CROSSING,40,28,Y,,,215,139,55,95,38,-,84,-,25,3.2
Traralgon College,,TRARALGON,38,25,,,,150,106,35,98,21,-,81,-,25,0.9
Western Port Sec College,,HASTINGS,34,33,Y,,,94,159,47,95,16,-,57,-,25,1.9
William Ruthven Sec College,,RESERVOIR,34,22,,,,68,57,68,97,11,-,71,I/D,25,2.9
Wyndham Central Sec Coll,,WERRIBEE,42,24,,,,182,73,65,90,23,< 4,84,-,25,1.3
Yarram Secondary College,,YARRAM,27,20,Y,,,62,62,37,87,5,-,91,-,25,1.4
Yea High School,,YEA,31,19,Y,,,60,43,43,86,5,-,80,-,25,0.0
Alexandra Secondary College,,ALEXANDRA,19,6,,,,87,54,51,91,5,-,51,-,24,2.6
Alia College,,HAWTHORN EAST,22,2,,,,22,< 4,38,81,-,-,I/D,-,24,2.1
Bacchus Marsh College,,BACCHUS MARSH,46,35,,,,175,142,57,97,28,-,71,-,24,0.3
Benalla P-12 College,,BENALLA,28,21,,,,70,86,41,98,13,-,70,I/D,24,0.8
Cann River P-12 College,*,CANN RIVER,9,3,,,,5,6,100,100,-,-,92,-,24,0.0
Charles La Trobe P-12 College,,MACLEOD WEST,30,25,Y,,,62,68,91,91,9,< 4,78,-,24,0.0
Chisholm Institute,,FRANKSTON,26,27,,,,63,57,32,96,23,-,84,-,24,0.0
Cobden Technical School,*,COBDEN,14,12,Y,,,17,20,20,100,5,-,77,-,24,0.0
Cobram Secondary College,,COBRAM,39,24,Y,,,62,94,43,98,8,-,69,-,24,0.9
Cranbourne Secondary College,,CRANBOURNE,54,31,,,,304,255,67,97,68,-,87,-,24,0.3
Echuca College,,ECHUCA,43,26,,,,130,166,51,99,7,-,78,-,24,0.7
Geelong Baptist College,,LOVELY BANKS,33,16,,,,53,19,44,87,< 4,-,98,-,24,2.5
Good Shepherd College,,HAMILTON,19,10,,,,29,20,47,88,4,-,87,-,24,0.0
Gordon Institute of TAFE,,GEELONG,21,22,Y,,,58,52,33,92,9,-,93,-,24,1.6
Kaniva P-12 College,*,KANIVA,18,10,Y,,,13,19,38,100,< 4,-,100,I/D,24,0.0
Kurnai College,,CHURCHILL,56,35,Y,,,183,222,40,98,30,-,68,-,24,0.8
Kurunjang Secondary College,,MELTON,37,23,Y,,,130,94,61,98,25,-,86,-,24,2.3
Laverton P-12 College,,LAVERTON,28,15,,,,54,49,84,100,12,< 4,84,-,24,3.7
Manor Lakes P-12 College,,WYNDHAM VALE,59,48,Y,,,255,256,47,92,49,-,59,-,24,3.2
Melton Secondary College,,MELTON,39,30,Y,,,203,224,50,83,34,< 4,58,-,24,1.2
Mount Erin College,,FRANKSTON SOUTH,47,35,,,,116,93,36,97,24,< 4,84,-,24,2.9
Mount Ridley P-12 College,,CRAIGIEBURN,42,21,,,,350,171,71,99,26,-,86,-,24,1.3
Myrtleford P-12 College,,MYRTLEFORD,24,12,Y,,,36,34,38,90,4,< 4,100,-,24,3.2
Northern Bay P-12 College,,CORIO,40,32,Y,,,93,186,41,89,18,-,64,-,24,2.2
Numurkah Secondary College,,NUMURKAH,22,15,Y,,,30,31,44,78,< 4,-,63,-,24,0.0
Portland Secondary College,,PORTLAND,28,20,Y,,,106,101,46,100,16,-,75,-,24,0.4
Rainbow P-12 College,*,RAINBOW,20,11,,,,15,15,33,100,< 4,-,100,-,24,2.9
Sale College,,SALE,36,14,Y,,,112,63,58,98,10,-,97,-,24,0.7
Thomastown Secondary College,,THOMASTOWN,25,8,,,,83,13,64,89,-,< 4,78,-,24,1.4
Timboon P-12 School,,TIMBOON,26,16,,,,34,51,53,93,< 4,-,99,-,24,1.6
Warragul Regional College,,WARRAGUL,45,34,Y,,,128,106,23,97,19,-,99,-,24,0.0
Westall Secondary College,,CLAYTON SOUTH,46,25,,,,168,87,59,96,28,< 4,64,I/D,24,3.0
Whittlesea Secondary College,,WHITTLESEA,41,34,,,,94,104,75,97,12,-,99,-,24,1.7
Yarra Hills Sec Coll Mooroolbark,,MOOROOLBARK,55,42,,,,129,103,44,89,29,-,70,-,24,0.0
Bannockburn P-12 College,,BANNOCKBURN,38,24,Y,,,89,99,40,95,15,-,86,I/D,23,1.5
Colac Secondary College,,COLAC,29,21,Y,,,79,57,33,93,9,-,79,-,23,0.0
Glenroy Private,*,GLENROY,8,-,,,,9,-,100,100,-,-,-,-,23,0.0
Greater Shepparton Sec College,,SHEPPARTON,72,51,Y,,,329,404,49,92,51,-,71,I/D,23,1.3
Kyabram P-12 College,,KYABRAM,36,26,,,,81,93,36,98,9,-,98,I/D,23,0.0
Lalor North Sec College,,EPPING,34,27,,,,61,66,59,89,11,< 4,55,-,23,0.0
Lorne P-12 College,*,LORNE,21,5,,,,13,24,100,100,< 4,-,96,-,23,3.9
Nhill College,*,NHILL,23,9,,,,18,14,62,92,< 4,-,97,I/D,23,0.0
Red Cliffs Secondary College,,RED CLIFFS,29,18,,,,43,60,43,86,-,-,78,-,23,0.0
Robinvale College,*,ROBINVALE,16,9,Y,,,13,19,-,100,4,-,84,-,23,0.0
Roxburgh College,,ROXBURGH PARK,39,16,Y,,,238,421,60,93,57,-,74,-,23,0.7
Stawell Secondary College,,STAWELL,22,20,,,,53,68,23,91,14,-,57,-,23,2.4
Tarneit Senior College,,TARNEIT,59,34,Y,,,426,212,67,98,53,< 4,44,-,23,0.7
Australian Internatl Academy,,CAROLINE SPRINGS,12,-,,Y,,34,-,97,100,-,-,-,-,22,4.0
Broadford Secondary College,,BROADFORD,53,24,Y,,,132,107,54,98,27,< 4,62,I/D,22,0.7
Sydney Road Community School,*,BRUNSWICK,16,7,Y,,,17,13,25,92,6,-,61,-,22,0.0
Wallan Secondary College,,WALLAN,55,37,,,,116,115,34,93,14,-,66,-,22,0.0
Western Heights Sec College,,HAMLYN HEIGHTS,45,28,Y,,,165,160,40,100,17,< 4,54,I/D,22,0.6
Wodonga Senior Sec College,,WODONGA,73,46,Y,,,527,825,23,86,30,4,67,I/D,22,0.2
Chisholm Institute of TAFE,,DANDENONG,30,21,,,,152,79,39,88,39,-,86,-,21,0.3
Craigieburn Secondary College,,CRAIGIEBURN,35,9,,,,283,159,76,96,33,< 4,82,-,21,0.7
East Preston Islamic College,,PRESTON,9,1,,,,23,9,33,83,-,-,100,-,21,0.0
Monterey Secondary College,,FRANKSTON NORTH,26,22,Y,,,81,134,6,88,18,-,76,-,21,4.5
Rutherglen High School,,RUTHERGLEN,24,9,,,,56,51,32,100,9,-,79,-,21,0.0
TAFE Gippsland,,SALE,21,17,,,,51,44,14,79,12,-,63,-,21,0.0
Australian Internatl Academy,,COBURG,17,-,,Y,,50,-,91,100,-,-,-,-,20,1.2
John Fawkner College,,FAWKNER,21,11,,,,43,32,28,59,-,-,48,-,20,2.3
Nathalia Secondary College,,NATHALIA,21,15,Y,,,22,37,40,90,< 4,-,75,-,20,2.9
Ozford College,,MELBOURNE,10,-,,,,34,-,38,83,-,-,-,-,20,0.0
Wedderburn College,,WEDDERBURN,19,11,Y,,,21,29,50,100,< 4,-,72,-,20,0.0
Glenroy Secondary College,,GLENROY,29,14,Y,,,77,45,51,100,11,-,55,-,19,0.0
Neerim District Sec College,,NEERIM SOUTH,19,17,Y,,,33,35,11,89,< 4,-,97,-,19,0.0
,,,,,,,,,,,,,,,,,
,,,,,,,,,,,,,,,,,
,,,,,,,,,,,,,,,,,
,,,,,,,,,,,,,,,,,
,,,,,,,,,,,,,,,,,
,,,,,,,,,,,,,,,,,
,,,,,,,,,,,,,,,,,
,,,,,,,,,,,,,,,,,
,,,,,,,,,,,,,,,,,
,,,,,,,,,,,,,,,,,
,,,,,,,,,,,,,,,,,
,,,,,,,,,,,,,,,,,
,,,,,,,,,,,,,,,,,
